"generation","train_best","train_median","train_worst","val_best","gen_time_s","total_time_s","dm_active"
"0","7689.88","-10000.00","-89757.80","2758.39","9.33","9.34","0"
"1","9919.92","-2673.54","-89365.22","4206.49","6.80","16.35","0"
"2","9919.92","-82.70","-88938.05","4206.49","6.85","23.41","0"
"3","11592.93","1009.34","-89220.27","4206.49","6.99","30.61","0"
"4","12151.21","2094.18","-85544.34","4206.49","7.03","37.85","0"
"5","12151.21","2790.24","-86760.99","4356.48","7.12","45.17","0"
"6","12816.35","3286.20","-87845.59","5188.38","7.16","52.53","0"
"7","12816.35","3678.18","-85432.45","5188.38","7.13","59.87","0"
"8","13797.31","4128.91","-89380.72","5188.38","7.17","67.23","0"
"9","14144.59","4568.15","-85953.68","5217.81","7.14","74.57","0"
"10","15457.02","5085.12","-87988.88","6714.62","7.15","81.91","0"
"11","15457.02","5501.39","-87234.59","6714.62","7.12","89.23","0"
"12","25569.44","5810.27","-87611.98","6714.62","7.13","96.55","0"
"13","25569.44","5916.59","-85142.86","6714.62","7.11","103.85","0"
"14","25569.44","6117.41","-88686.24","6714.62","7.06","111.10","0"
"15","26181.36","6064.70","-88727.05","6714.62","7.10","118.40","0"
"16","28559.84","6386.93","-89278.97","6714.62","7.04","125.62","0"
"17","28559.84","6554.26","-86609.52","6714.62","7.03","132.84","0"
"18","29622.79","7212.72","-88218.11","7200.00","7.03","140.06","0"
"19","31248.07","8319.52","-87271.02","6074.50","7.02","147.28","0"
"20","32679.88","9380.10","-88659.27","6074.50","6.97","154.45","0"
"21","33674.83","10611.44","-87119.38","6208.68","7.09","161.73","0"
"22","33674.83","12116.66","-88070.30","6208.68","7.00","168.91","0"
"23","33674.83","13606.06","-88221.15","6562.77","7.12","176.22","0"
"24","33674.83","16213.11","-88309.79","6053.70","7.01","183.42","0"
"25","33674.83","19276.97","-88700.66","6053.70","6.99","190.60","0"
"26","34652.70","21470.20","-87110.39","6053.70","7.01","197.80","0"
"27","34652.70","23340.31","-88451.01","6048.63","6.99","204.98","0"
"28","35408.97","24819.62","-87432.59","5777.63","7.01","212.19","0"
"29","35408.97","26236.06","-87123.19","5866.36","7.01","219.39","0"
"30","35524.64","27536.41","-87627.16","5866.36","7.01","226.58","1"
"31","35961.86","28575.67","-85613.07","5866.36","6.98","233.75","1"
"32","36259.41","29450.73","-89661.12","5641.96","7.02","240.96","1"
"33","36572.42","30227.36","-87852.65","5641.96","7.21","248.36","1"
"34","36572.42","30933.25","-87971.16","5722.21","7.11","255.67","1"
"35","37525.88","31355.19","-86806.45","5286.44","7.01","262.87","1"
"36","37720.02","31969.99","-86893.89","5286.44","7.00","270.05","1"
"37","37935.16","32562.18","-88062.96","5286.44","7.02","277.27","1"
"38","38940.59","33034.47","-87919.78","5141.15","7.00","284.46","1"
"39","39431.65","33984.90","-88736.86","5219.50","7.01","291.65","1"
"40","41318.09","34998.43","-87086.95","5286.44","7.05","298.89","1"
"41","41318.09","35666.88","-88572.55","5317.89","6.99","306.07","1"
"42","41318.09","36252.05","-87715.21","5317.89","7.01","313.26","1"
"43","41318.09","36701.66","-88181.90","5317.89","7.05","320.50","1"
"44","42624.95","36962.40","-89688.04","5333.74","7.01","327.70","1"
"45","42819.39","37343.00","-89107.38","5337.93","7.02","334.91","1"
"46","42819.39","37671.66","-89814.12","5516.16","7.04","342.14","1"
"47","45423.89","37891.88","-87714.72","5337.93","7.07","349.40","1"
"48","45423.89","37966.52","-87062.26","5219.50","7.05","356.63","1"
"49","45423.89","38002.59","-88363.23","5192.12","6.99","363.81","1"
"50","46369.57","38051.07","-87097.44","5317.89","6.99","370.99","1"
"51","46369.57","38040.70","-87773.26","5336.14","7.05","378.23","1"
"52","46369.57","38051.07","-87006.12","5337.93","7.01","385.43","1"
"53","47801.02","38051.07","-87835.46","5337.93","7.02","392.65","1"
"54","47801.02","37966.52","-86531.15","5337.93","7.00","399.83","1"
"55","47801.02","38002.59","-87793.53","5337.93","7.07","407.09","1"
"56","48328.13","38051.07","-88564.29","5337.93","7.02","414.30","1"
"57","48361.08","38801.34","-86663.76","5337.93","7.02","421.52","1"
"58","48435.50","39516.06","-87330.15","5337.93","6.98","428.69","1"
"59","48435.50","39953.87","-88028.26","5337.93","7.06","435.94","1"
"60","48435.50","40078.59","-88287.86","5337.93","7.00","443.13","1"
"61","48656.13","40046.00","-88347.03","5337.93","7.01","450.33","1"
"62","48809.00","40197.38","-86560.31","5337.93","7.04","457.56","1"
"63","48899.14","40347.92","-85994.37","5337.93","7.00","464.75","1"
"64","48931.48","40477.80","-89042.36","5337.93","7.05","471.99","1"
"65","51375.38","40612.48","-89666.97","5337.93","7.00","479.18","1"
"66","51375.38","40771.56","-86587.10","5337.93","7.04","486.41","1"
"67","51919.64","40949.76","-88874.80","5337.93","7.05","493.65","1"
"68","51919.64","41096.12","-86146.05","5337.93","7.02","500.86","1"
"69","51919.64","41249.46","-87183.47","5337.93","7.02","508.07","1"
"70","51919.64","41640.89","-86642.36","5337.93","7.03","515.28","1"
"71","51919.64","41783.70","-87339.19","5337.93","7.05","522.52","1"
"72","51919.64","41995.37","-87882.27","5337.93","7.03","529.74","1"
"73","51919.64","42210.40","-85153.33","5337.93","7.08","537.01","1"
"74","51919.64","42264.35","-87246.71","5337.93","7.00","544.19","1"
"75","51919.64","42321.57","-85623.94","5337.93","7.04","551.42","1"
"76","51919.64","42274.38","-87358.04","5337.93","7.03","558.65","1"
"77","51919.64","42298.95","-88430.47","5337.93","7.00","565.83","1"
"78","51919.64","42291.41","-88096.66","5337.93","7.03","573.05","1"
"79","51919.64","42320.21","-86707.03","5337.93","7.04","580.29","1"
"80","51919.64","42307.48","-87114.82","5337.93","7.01","587.48","1"
"81","51919.64","42400.91","-88813.52","5337.93","7.06","594.74","1"
"82","52087.68","42338.07","-86226.43","5337.93","7.02","601.95","1"
"83","52087.68","42403.25","-86787.66","5337.93","7.03","609.17","1"
"84","52087.68","42602.53","-87470.25","5337.93","7.05","616.40","1"
"85","52435.50","42689.00","-84718.26","5337.93","7.06","623.66","1"
"86","53451.95","42758.48","-87899.17","5337.93","7.22","631.06","1"
"87","53451.95","42950.56","-87674.67","5337.93","7.11","638.36","1"
"88","53451.95","43297.62","-86192.22","5337.93","6.99","645.54","1"
"89","53451.95","43781.49","-87567.72","5337.93","7.04","652.77","1"
"90","53451.95","44204.00","-85421.36","5337.93","7.01","659.97","1"
"91","53451.95","44350.25","-88500.84","5337.93","7.03","667.19","1"
"92","53979.64","44695.62","-86776.09","5337.93","7.04","674.42","1"
"93","53979.64","45203.05","-87878.04","5337.93","7.04","681.65","1"
"94","53979.64","45750.57","-87330.38","5337.93","6.99","688.83","1"
"95","53979.64","45902.27","-85654.54","5337.93","7.04","696.06","1"
"96","54282.37","45629.55","-86431.38","5337.93","7.03","703.27","1"
"97","54415.93","45447.84","-88215.73","5337.93","7.02","710.48","1"
"98","54415.93","47086.65","-85793.67","5337.93","7.04","717.71","1"
"99","54529.62","49575.71","-87048.63","5337.93","7.00","724.89","1"
"100","54759.23","51130.34","-89053.24","5337.93","7.20","732.29","1"
"101","54759.23","51774.61","-86282.71","5337.93","7.07","739.55","1"
"102","54860.73","52020.90","-87719.91","5337.93","6.99","746.73","1"
"103","55788.11","52125.00","-88759.09","5337.93","7.04","753.95","1"
"104","55788.11","52172.63","-86559.38","5337.93","7.00","761.15","1"
"105","55788.11","52255.41","-83726.79","5337.93","6.99","768.32","1"
"106","55788.11","52689.69","-89927.30","5337.93","6.99","775.51","1"
"107","55788.11","53603.66","-85750.34","5337.93","6.98","782.68","1"
"108","55788.11","54076.09","-85403.71","5337.93","7.03","789.90","1"
"109","55788.11","54269.05","-88303.95","5337.93","6.99","797.08","1"
"110","55788.11","54362.42","-86723.35","5337.93","7.02","804.29","1"
"111","56644.46","54449.22","-85471.78","5337.93","7.04","811.51","1"
"112","56644.46","54512.52","-85633.79","5337.93","7.00","818.70","1"
"113","56644.46","54668.22","-86298.08","5337.93","6.98","825.87","1"
"114","56644.46","55077.80","-87638.44","5337.93","7.08","833.14","1"
"115","56644.46","55224.56","-85009.05","5337.93","7.02","840.35","1"
"116","56644.46","55323.76","-87198.52","5337.93","7.01","847.55","1"
"117","56644.46","55379.20","-87999.34","5337.93","7.00","854.74","1"
"118","56644.46","55424.25","-86170.18","5337.93","7.00","861.93","1"
"119","56913.34","55455.82","-88923.14","5337.93","7.02","869.14","1"
"120","56946.44","55486.00","-87353.34","5141.15","7.08","876.41","1"
"121","56946.44","55502.43","-87649.34","5141.15","6.98","883.58","1"
"122","57029.19","55508.04","-87037.27","5141.15","7.03","890.80","1"
"123","57049.88","55543.78","-87546.60","5141.15","7.00","897.99","1"
"124","57049.88","55543.78","-88543.03","5141.15","7.06","905.23","1"
"125","57049.88","55543.78","-86018.91","5141.15","7.00","912.42","1"
"126","57049.88","55526.58","-86199.09","5141.15","7.01","919.61","1"
"127","57049.88","55573.43","-89139.90","5329.55","7.00","926.79","1"
"128","57049.88","55676.12","-88318.23","5329.55","6.99","933.98","1"
"129","57115.07","55728.09","-88271.16","5329.55","8.26","942.43","1"
"130","57213.50","55728.09","-88883.37","5329.55","8.44","951.06","1"
"131","57213.50","55736.46","-88537.64","5329.55","8.48","959.73","1"
"132","57213.50","55736.46","-86383.84","5329.55","10.63","970.54","1"
"133","57213.50","55747.64","-86499.19","5329.55","10.48","981.22","1"
"134","57245.24","55756.01","-86250.73","5329.55","10.39","991.82","1"
"135","57246.35","55756.01","-87523.60","5141.15","10.43","1002.49","1"
"136","57246.35","55756.01","-85827.70","4663.70","10.65","1013.37","1"
"137","57267.68","55756.01","-87996.41","4663.70","10.39","1023.94","1"
"138","57737.47","55757.72","-87477.31","4663.70","10.35","1034.53","1"
"139","57737.47","55769.04","-83816.00","4663.70","10.36","1045.13","1"
"140","57758.55","55756.01","-85646.55","4663.70","10.45","1055.81","1"
"141","57758.55","55756.01","-86465.28","4663.70","10.43","1066.44","1"
"142","57758.55","55232.79","-84229.40","4663.70","10.48","1077.13","1"
"143","57856.14","52897.14","-86853.91","4663.70","10.37","1087.70","1"
"144","57961.48","51160.95","-86904.62","4663.70","10.53","1098.46","1"
"145","57984.04","51428.79","-86227.45","4663.70","10.32","1108.98","1"
"146","58508.01","56878.42","-87789.36","4663.70","10.40","1119.61","1"
"147","58508.01","57092.80","-87153.38","4663.70","10.31","1130.15","1"
"148","58508.01","57224.55","-86891.01","4663.70","10.38","1140.77","1"
"149","58560.57","57245.24","-89288.23","4663.70","10.48","1151.48","1"
"150","58560.57","57267.68","-87826.93","4477.95","10.34","1162.02","1"
"151","58570.38","57341.02","-87633.83","4477.96","10.35","1172.60","1"
"152","58626.68","57392.99","-87915.97","4663.70","10.37","1183.20","1"
"153","58740.63","57758.55","-87791.46","4663.70","10.36","1193.80","1"
"154","59151.57","57995.09","-86766.61","4663.70","10.39","1204.43","1"
"155","59298.07","58054.64","-87604.49","4524.65","10.34","1215.00","1"
"156","59298.07","58122.06","-88057.63","4663.70","10.40","1225.64","1"
"157","59298.07","58173.76","-89155.41","4663.70","10.51","1236.38","1"
"158","59299.61","58256.01","-86935.96","4663.70","10.58","1247.16","1"
"159","59300.10","58517.83","-87014.21","4663.70","10.39","1257.75","1"
"160","59300.10","58626.68","-87218.45","4496.00","10.37","1268.37","1"
"161","59319.54","58637.39","-86129.15","4514.30","10.58","1279.18","1"
"162","59319.54","58685.16","-87021.09","4511.46","10.45","1289.83","1"
"163","59343.50","58719.18","-87402.55","4511.46","10.42","1300.46","1"
"164","59363.60","58768.51","-85005.58","4527.35","10.55","1311.24","1"
"165","59363.60","59162.48","-86882.80","4503.70","10.42","1321.90","1"
"166","59363.60","59234.84","-87604.83","4530.44","10.52","1332.66","1"
"167","59377.16","59245.83","-88478.62","4534.52","10.37","1343.23","1"
"168","59378.88","59288.89","-86671.92","4534.52","10.36","1353.82","1"
"169","59384.25","59297.76","-88067.38","4535.55","10.74","1364.79","1"
"170","59390.60","59298.64","-86117.53","4535.55","10.69","1375.71","1"
"171","59392.83","59299.79","-85352.14","4535.55","10.40","1386.37","1"
"172","59417.04","59300.12","-87730.94","4535.55","10.42","1397.05","1"
"173","59417.04","59316.55","-87763.84","4535.55","10.33","1407.62","1"
"174","59417.14","59319.54","-87018.91","4535.55","10.42","1418.28","1"
"175","59421.40","59325.37","-87257.87","4535.55","10.37","1428.89","1"
"176","59421.91","59342.05","-87846.20","4535.55","10.41","1439.55","1"
"177","59445.68","59345.17","-87878.70","4535.55","10.43","1450.23","1"
"178","59450.53","59345.46","-86245.55","4535.55","10.50","1460.97","1"
"179","59452.44","59383.53","-87818.52","4535.55","10.61","1471.80","1"
"180","59458.78","59394.96","-86758.43","4535.55","10.36","1482.37","1"
"181","59458.78","59409.05","-87359.48","4535.55","10.36","1492.97","1"
"182","59461.11","59415.28","-85957.27","4535.55","10.39","1503.60","1"
"183","59473.03","59419.25","-86144.70","4535.55","10.39","1514.24","1"
"184","59473.52","59421.35","-87344.74","4535.55","10.49","1525.00","1"
"185","59474.47","59421.93","-87211.72","4535.55","10.74","1535.98","1"
"186","59474.51","59422.78","-86418.25","4535.55","10.34","1546.53","1"
"187","59476.42","59434.44","-86272.70","4535.55","10.38","1557.14","1"
"188","59476.95","59455.62","-86281.45","4535.55","10.50","1567.88","1"
"189","59476.95","59458.70","-86557.70","4535.55","10.36","1578.44","1"
"190","59476.95","59459.43","-86956.15","4535.55","10.33","1589.01","1"
"191","59476.95","59459.80","-89115.34","4535.55","10.38","1599.62","1"
"192","59477.03","59461.66","-86745.55","4535.55","10.35","1610.23","1"
"193","59479.41","59467.32","-88806.46","4535.55","10.58","1621.05","1"
"194","59479.41","59474.00","-86655.91","4535.55","10.47","1631.76","1"
"195","59479.41","59474.46","-84289.49","4535.55","10.41","1642.42","1"
"196","59479.41","59474.81","-89624.16","4535.55","10.35","1653.00","1"
"197","59479.46","59476.77","-88623.73","4535.55","10.41","1663.65","1"
"198","59479.46","59476.93","-89689.07","4535.55","10.37","1674.25","1"
"199","59479.58","59476.95","-88702.69","4535.55","10.36","1684.85","1"
"200","59482.25","59476.95","-87775.55","4535.94","10.49","1695.59","1"
"201","59482.25","59476.98","-89533.30","4535.94","10.34","1706.14","1"
"202","59482.25","59479.39","-84443.59","4535.94","10.41","1716.80","1"
"203","59482.25","59479.41","-86784.07","4535.94","10.47","1727.49","1"
"204","59482.25","59479.41","-84838.45","4535.94","10.36","1738.06","1"
"205","59482.66","59479.43","-87050.93","4536.10","10.40","1748.70","1"
"206","59482.66","59479.43","-88492.79","4536.10","10.68","1759.59","1"
"207","59482.66","59479.43","-85735.93","4536.10","10.56","1770.38","1"
"208","59482.68","59479.43","-87748.77","4536.10","10.35","1780.97","1"
"209","59483.02","59479.43","-87447.58","4536.10","10.32","1791.53","1"
"210","59483.04","59479.43","-88873.38","4536.10","10.36","1802.13","1"
"211","59483.60","59479.48","-86065.80","4536.21","10.43","1812.80","1"
"212","59483.61","59479.60","-85658.92","4536.21","10.49","1823.50","1"
"213","59483.61","59479.60","-86449.13","4536.21","10.47","1834.17","1"
"214","59483.61","59482.25","-86330.95","4536.21","10.36","1844.73","1"
"215","59493.79","59482.27","-87513.80","4536.21","10.41","1855.40","1"
"216","59493.79","59482.27","-85487.35","4536.21","10.33","1865.97","1"
"217","59494.55","59482.27","-88415.77","4536.21","10.33","1876.55","1"
"218","59494.55","59483.02","-87451.59","4536.21","10.33","1887.12","1"
"219","59494.55","59483.04","-84869.14","4536.21","10.51","1897.88","1"
"220","59494.55","59483.04","-88273.48","4536.21","10.27","1908.35","1"
"221","59494.55","59483.04","-88232.45","4536.21","10.33","1918.94","1"
"222","59495.14","59483.04","-87951.90","4536.21","10.33","1929.51","1"
"223","59495.14","59483.27","-87360.05","4536.21","10.37","1940.12","1"
"224","59495.14","59483.61","-86574.07","4536.21","10.33","1950.69","1"
"225","59495.14","59483.61","-88030.91","4536.21","10.50","1961.45","1"
"226","59495.14","59483.61","-88152.12","4536.21","10.52","1972.31","1"
"227","59495.14","59494.55","-86691.95","4536.21","10.30","1982.86","1"
"228","59495.35","59495.14","-86019.61","4536.21","10.36","1993.46","1"
"229","59495.35","59495.14","-87677.62","4536.21","10.34","2004.04","1"
"230","59495.35","59495.14","-85587.41","4536.21","10.36","2014.64","1"
"231","59495.36","59495.14","-89635.97","4536.21","10.33","2025.20","1"
"232","59495.36","59495.14","-86406.97","4536.21","10.34","2035.79","1"
"233","59495.36","59495.14","-87102.79","4536.21","10.31","2046.33","1"
"234","59495.36","59495.14","-84803.45","4536.21","10.38","2056.95","1"
"235","59495.36","59495.14","-89023.45","4536.21","10.51","2067.70","1"
"236","59495.36","59495.14","-85819.75","4536.21","10.31","2078.21","1"
"237","59495.36","59495.14","-87316.88","4536.21","10.45","2088.91","1"
"238","59495.36","59495.14","-86621.62","4536.21","10.39","2099.50","1"
"239","59495.36","59495.14","-85487.03","4536.21","10.32","2110.05","1"
"240","59495.36","59495.35","-86163.95","4536.21","10.43","2120.75","1"
"241","59495.36","59495.35","-85704.37","4536.21","10.33","2131.28","1"
"242","59495.36","59495.35","-87618.77","4536.21","10.32","2141.84","1"
"243","59495.36","59495.36","-86503.30","4536.21","10.60","2152.69","1"
"244","59495.36","59495.36","-87279.02","4536.21","10.41","2163.31","1"
"245","59495.36","59495.36","-86099.73","4536.21","10.36","2173.88","1"
"246","59495.36","59495.36","-86547.25","4536.21","10.28","2184.40","1"
"247","59495.36","59495.36","-85106.30","4536.21","10.49","2195.13","1"
"248","59495.36","59495.36","-86910.51","4536.21","10.29","2205.62","1"
"249","59495.36","59495.36","-88089.59","4536.21","10.33","2216.19","1"
"250","59495.36","59495.36","-87611.24","4536.21","10.29","2226.72","1"
"251","59495.36","59495.36","-87062.16","4536.21","10.33","2237.30","1"
"252","59495.36","59495.36","-88803.59","4536.21","10.32","2247.85","1"
"253","59495.36","59495.36","-86847.40","4536.21","10.46","2258.55","1"
"254","59495.36","59495.36","-86301.29","4536.21","10.30","2269.06","1"
"255","59495.36","59495.36","-85043.71","4536.21","10.36","2279.66","1"
"256","59495.36","59495.36","-87995.96","4536.21","10.32","2290.23","1"
"257","59495.36","59495.36","-87677.66","4536.21","10.33","2300.80","1"
"258","59495.36","59495.36","-88193.16","4536.21","10.35","2311.41","1"
"259","59495.36","59495.36","-86875.00","4536.21","10.41","2322.07","1"
"260","59495.36","59495.36","-85616.89","4536.21","10.35","2332.62","1"
"261","59495.36","59495.36","-87052.76","4536.21","10.32","2343.18","1"
"262","59495.36","59495.36","-87612.78","4536.21","10.39","2353.82","1"
"263","59495.36","59495.36","-87534.89","4536.21","10.30","2364.37","1"
"264","59495.36","59495.36","-85926.87","4536.21","10.32","2374.95","1"
"265","59495.36","59495.36","-87573.62","4536.21","10.30","2385.49","1"
"266","59495.36","59495.36","-88502.71","4536.21","10.33","2396.07","1"
"267","59495.36","59495.36","-88327.41","4536.21","10.30","2406.64","1"
"268","59495.36","59495.36","-86481.53","4536.21","10.38","2417.26","1"
"269","59495.36","59495.36","-86366.71","4536.21","10.62","2428.11","1"
"270","59495.36","59495.36","-86333.21","4536.21","10.60","2438.91","1"
"271","59495.36","59495.36","-87014.47","4536.21","10.33","2449.49","1"
"272","59495.36","59495.36","-85199.44","4536.21","10.30","2460.04","1"
"273","59495.36","59495.36","-85954.27","4536.21","10.32","2470.59","1"
"274","59495.36","59495.36","-87623.59","4536.21","10.30","2481.13","1"
"275","59495.36","59495.36","-87963.65","4536.21","10.31","2491.69","1"
"276","59495.36","59495.36","-89322.94","4536.21","10.32","2502.25","1"
"277","59495.36","59495.36","-89011.45","4536.21","10.32","2512.80","1"
"278","59495.36","59495.36","-87278.99","4536.21","10.45","2523.48","1"
"279","59495.36","59495.36","-87198.72","4536.21","10.45","2534.13","1"
"280","59495.36","59495.36","-88548.02","4536.21","10.27","2544.60","1"
"281","59495.36","59495.36","-86499.66","4536.21","10.32","2555.16","1"
"282","59495.36","59495.36","-88265.51","4536.21","10.28","2565.68","1"
"283","59495.36","59495.36","-86865.22","4536.21","10.47","2576.39","1"
"284","59495.36","59495.36","-86372.58","4536.21","10.26","2586.86","1"
"285","59495.36","59495.36","-87503.77","4536.21","12.88","2599.99","1"
"286","59495.36","59495.36","-87783.57","4536.21","22.15","2622.97","1"
"287","59495.36","59495.36","-88178.08","4536.21","20.88","2644.76","1"
"288","59495.36","59495.36","-86056.49","4536.21","20.89","2666.48","1"
"289","59495.36","59495.36","-89735.13","4536.21","21.28","2688.64","1"
"290","59495.36","59495.36","-84888.89","4536.21","20.96","2710.45","1"
"291","59495.36","59495.36","-86753.63","4536.21","22.53","2733.74","1"
"292","59495.36","59495.36","-87992.46","4536.21","20.92","2755.50","1"
"293","59495.36","59495.36","-87149.69","4536.21","20.91","2777.22","1"
"294","59495.36","59495.36","-86032.08","4536.21","20.94","2799.02","1"
"295","59495.36","59495.36","-86122.52","4536.21","20.87","2820.75","1"
"296","59495.36","59495.36","-87905.66","4536.21","20.91","2842.48","1"
"297","59495.36","59495.36","-87062.38","4536.21","21.05","2864.44","1"
"298","59495.36","59495.36","-87163.27","4536.21","20.99","2886.23","1"
"299","59495.36","59495.36","-85328.20","4536.21","20.91","2907.97","1"
"300","59495.36","59495.36","-87797.09","4536.21","20.97","2929.73","1"
"301","59495.36","59495.36","-87298.41","4536.21","20.95","2951.50","1"
"302","59495.36","59495.36","-88717.09","4536.21","20.90","2973.26","1"
"303","59495.36","59495.36","-87989.20","4536.21","20.90","2995.08","1"
"304","59495.36","59495.36","-88230.05","4536.21","21.13","3017.09","1"
"305","59495.36","59495.36","-87819.95","4536.21","20.84","3038.72","1"
"306","59495.36","59495.36","-86750.83","4536.21","21.19","3060.69","1"
"307","59495.36","59495.36","-88779.06","4536.21","21.91","3083.39","1"
"308","59495.36","59495.36","-87365.48","4536.21","21.48","3105.74","1"
"309","59495.36","59495.36","-88346.39","4536.21","20.91","3127.52","1"
"310","59495.36","59495.36","-87018.22","4536.21","20.90","3149.28","1"
"311","59495.36","59495.36","-86335.88","4536.21","20.87","3171.00","1"
"312","59495.36","59495.36","-86331.59","4536.21","20.94","3192.81","1"
"313","59495.36","59495.36","-86980.12","4536.21","20.86","3214.45","1"
"314","59495.69","59495.36","-87650.49","4536.21","20.86","3236.11","1"
"315","59495.69","59495.36","-86023.46","4536.21","20.95","3257.93","1"
"316","59495.69","59495.36","-88570.71","4536.21","21.57","3280.28","1"
"317","59495.69","59495.36","-86812.02","4536.21","20.91","3302.00","1"
"318","59495.69","59495.36","-83560.04","4536.21","20.97","3323.83","1"
"319","59495.69","59495.36","-88572.66","4536.21","21.49","3346.19","1"
"320","59495.69","59495.36","-86975.45","4536.21","20.84","3367.88","1"
"321","59495.69","59495.36","-87790.59","4536.21","20.87","3389.57","1"
"322","59495.69","59495.36","-88027.10","4536.21","20.82","3411.18","1"
"323","59495.69","59495.36","-88873.31","4536.21","21.59","3433.59","1"
"324","59495.70","59495.36","-87454.69","4536.21","20.97","3455.41","1"
"325","59495.70","59495.36","-89250.12","4536.21","20.92","3477.14","1"
"326","59495.70","59495.69","-85883.80","4536.21","20.89","3499.00","1"
"327","59495.70","59495.69","-87622.10","4536.21","20.82","3520.59","1"
"328","59495.70","59495.69","-85166.62","4536.21","20.84","3542.30","1"
"329","59495.70","59495.69","-85901.61","4536.21","20.87","3564.06","1"
"330","59495.70","59495.69","-87369.91","4536.21","20.85","3585.81","1"
"331","59495.70","59495.69","-85678.06","4536.21","21.25","3607.90","1"
"332","59495.70","59495.69","-87568.43","4536.21","21.02","3629.84","1"
"333","59495.70","59495.69","-86860.22","4536.21","20.84","3651.56","1"
"334","59495.70","59495.69","-86525.13","4536.21","20.89","3673.31","1"
"335","59495.70","59495.69","-85258.40","4536.21","20.84","3694.95","1"
"336","59495.70","59495.69","-85642.05","4536.21","20.90","3716.68","1"
"337","59495.70","59495.69","-87694.53","4536.21","20.91","3738.44","1"
"338","59495.70","59495.69","-87071.42","4536.21","20.93","3760.26","1"
"339","59495.70","59495.70","-85722.51","4536.21","20.83","3781.94","1"
"340","59495.70","59495.70","-85860.77","4536.21","20.73","3803.57","1"
"341","59495.70","59495.70","-89572.78","4536.21","21.14","3824.98","1"
"342","59495.70","59495.70","-86258.17","4536.21","21.23","3847.11","1"
"343","59495.70","59495.70","-87795.80","4536.21","20.90","3868.90","1"
"344","59495.70","59495.70","-88149.11","4536.21","20.87","3890.58","1"
"345","59495.70","59495.70","-87049.16","4536.21","20.99","3912.44","1"
"346","59495.70","59495.70","-85993.68","4536.21","21.06","3934.33","1"
"347","59495.70","59495.70","-89833.77","4536.21","21.21","3956.44","1"
"348","59495.70","59495.70","-87569.34","4536.21","21.14","3978.48","1"
"349","59495.70","59495.70","-87218.48","4536.21","20.89","4000.20","1"
"350","59495.73","59495.70","-88169.78","4536.21","20.89","4021.92","1"
"351","59495.73","59495.70","-86698.23","4536.21","20.95","4043.71","1"
"352","59495.73","59495.70","-88962.34","4536.21","20.89","4065.47","1"
"353","59495.73","59495.70","-86783.77","4536.21","20.88","4087.16","1"
"354","59495.73","59495.70","-86701.96","4536.21","13.43","4101.41","1"
"355","59495.73","59495.70","-86214.38","4536.21","13.08","4114.49","1"
"356","59495.73","59495.70","-88560.21","4536.21","12.74","4127.52","1"
"357","59495.73","59495.70","-88977.76","4536.21","12.88","4140.69","1"
"358","59495.73","59495.70","-89094.45","4536.21","12.21","4153.17","1"
"359","59495.73","59495.70","-86457.59","4536.21","11.81","4165.24","1"
"360","59495.73","59495.70","-87368.52","4536.21","10.98","4176.5","1"
"361","59495.73","59495.71","-86905.66","4536.21","10.78","4187.48","1"
"362","59495.73","59495.73","-88306.97","4536.21","10.81","4198.53","1"
"363","59495.73","59495.73","-84819.09","4536.21","10.85","4209.62","1"
"364","59495.73","59495.73","-86839.23","4536.21","10.88","4220.72","1"
"365","59495.73","59495.73","-89504.81","4536.21","10.98","4231.94","1"
"366","59495.73","59495.73","-88133.45","4536.21","11.11","4243.29","1"
"367","59495.73","59495.73","-88226.30","4536.21","10.74","4254.24","1"
"368","59495.73","59495.73","-85745.13","4536.21","10.75","4265.21","1"
"369","59495.73","59495.73","-89295.34","4536.21","10.76","4276.2","1"
"370","59495.73","59495.73","-88289.53","4536.21","10.93","4287.36","1"
"371","59495.73","59495.73","-87561.98","4536.21","10.67","4298.23","1"
"372","59495.73","59495.73","-85952.43","4536.21","10.87","4309.34","1"
"373","59495.73","59495.73","-85637.39","4536.21","10.69","4320.22","1"
"374","59495.73","59495.73","-86686.51","4536.21","10.73","4331.19","1"
"375","59495.73","59495.73","-88267.17","4536.21","10.77","4342.2","1"
"376","59495.73","59495.73","-88994.87","4536.21","10.74","4353.17","1"
"377","59495.73","59495.73","-87784.91","4536.21","11.05","4364.47","1"
"378","59495.73","59495.73","-88050.09","4536.21","10.85","4375.56","1"
"379","59495.73","59495.73","-86471.88","4536.21","10.84","4386.61","1"
"380","59495.73","59495.73","-86571.70","4536.21","10.75","4397.58","1"
"381","59495.73","59495.73","-86526.68","4536.21","11.07","4408.88","1"
"382","59495.73","59495.73","-86810.34","4536.21","10.82","4419.92","1"
"383","59495.73","59495.73","-88310.48","4536.21","10.82","4430.98","1"
"384","59495.73","59495.73","-89446.89","4536.21","10.88","4442.07","1"
"385","59495.73","59495.73","-87385.99","4536.21","10.74","4453.05","1"
"386","59495.73","59495.73","-86549.31","4536.21","10.94","4464.23","1"
"387","59495.73","59495.73","-87559.91","4536.21","10.81","4475.25","1"
"388","59495.73","59495.73","-85852.50","4536.21","10.74","4486.23","1"
"389","59495.73","59495.73","-87673.99","4536.21","10.72","4497.19","1"
"390","59495.73","59495.73","-88163.01","4536.21","10.92","4508.34","1"
"391","59495.73","59495.73","-88571.38","4536.21","10.79","4519.35","1"
"392","59495.73","59495.73","-87252.34","4536.21","10.95","4530.54","1"
"393","59495.73","59495.73","-88676.30","4536.21","10.77","4541.55","1"
"394","59495.73","59495.73","-87713.29","4536.21","10.89","4552.68","1"
"395","59495.73","59495.73","-86591.22","4536.21","10.75","4563.63","1"
"396","59495.73","59495.73","-88480.56","4536.21","10.80","4574.69","1"
"397","59495.73","59495.73","-86646.99","4536.21","10.78","4585.7","1"
"398","59495.73","59495.73","-87913.95","4536.21","10.75","4596.7","1"
"399","59495.73","59495.73","-89083.09","4536.21","10.69","4607.64","1"
"400","59495.75","59495.73","-87245.15","4536.21","10.89","4618.77","1"
"401","59495.76","59495.73","-87910.96","4536.21","10.68","4629.65","1"
"402","59495.76","59495.73","-87537.33","4536.21","10.80","4640.68","1"
"403","59495.76","59495.73","-86819.84","4536.21","10.86","4651.77","1"
"404","59495.76","59495.73","-87154.50","4536.21","10.78","4662.75","1"
"405","59495.76","59495.73","-88623.23","4536.21","10.71","4673.7","1"
"406","59495.76","59495.73","-88556.60","4536.21","10.78","4684.73","1"
"407","59495.76","59495.73","-88174.80","4536.21","10.80","4695.76","1"
"408","59495.76","59495.73","-87516.36","4536.21","10.71","4706.7","1"
"409","59495.76","59495.73","-86673.22","4536.21","10.78","4717.72","1"
"410","59495.76","59495.73","-88354.91","4536.21","10.74","4728.7","1"
"411","59495.76","59495.76","-85589.87","4536.21","10.89","4739.83","1"
"412","59495.76","59495.76","-87213.35","4536.21","10.71","4750.74","1"
"413","59495.76","59495.76","-87634.73","4536.21","10.73","4761.71","1"
"414","59495.76","59495.76","-87897.83","4536.21","10.70","4772.65","1"
"415","59495.76","59495.76","-85931.48","4536.21","10.76","4783.64","1"
"416","59495.76","59495.76","-88851.71","4536.21","10.77","4794.64","1"
"417","59495.76","59495.76","-87760.51","4536.21","10.83","4805.72","1"
"418","59495.76","59495.76","-86778.70","4536.21","10.76","4816.68","1"
"419","59495.76","59495.76","-89339.65","4536.21","10.77","4827.68","1"
"420","59495.76","59495.76","-86453.09","4536.21","10.74","4838.64","1"
"421","59495.76","59495.76","-88158.09","4536.21","10.89","4849.77","1"
"422","59495.76","59495.76","-87830.45","4536.21","10.79","4860.79","1"
"423","59495.76","59495.76","-85582.07","4536.21","10.73","4871.76","1"
"424","59495.76","59495.76","-87984.90","4536.21","10.78","4882.77","1"
"425","59495.76","59495.76","-86197.11","4536.21","10.77","4893.79","1"
"426","59495.76","59495.76","-86968.86","4536.21","10.74","4904.77","1"
"427","59495.76","59495.76","-87905.11","4536.21","10.78","4915.79","1"
"428","59495.76","59495.76","-87547.12","4536.21","10.75","4926.78","1"
"429","59495.76","59495.76","-84850.31","4536.21","10.92","4937.93","1"
"430","59495.76","59495.76","-86905.77","4536.21","11.04","4949.16","1"
"431","59495.76","59495.76","-85814.52","4536.21","10.82","4960.2","1"
"432","59495.76","59495.76","-86968.31","4536.21","10.79","4971.22","1"
"433","59495.76","59495.76","-85643.13","4536.21","10.78","4982.25","1"
"434","59495.76","59495.76","-87779.27","4536.21","10.82","4993.31","1"
"435","59495.76","59495.76","-83985.76","4536.21","10.78","5004.33","1"
"436","59495.76","59495.76","-89841.23","4536.21","10.86","5015.42","1"
"437","59495.76","59495.76","-85597.14","4536.21","10.74","5026.39","1"
"438","59495.76","59495.76","-85761.62","4536.21","10.92","5037.55","1"
"439","59495.76","59495.76","-88380.02","4536.21","10.71","5048.46","1"
"440","59495.76","59495.76","-87613.07","4536.21","10.87","5059.57","1"
"441","59495.76","59495.76","-88991.87","4536.21","10.78","5070.56","1"
"442","59495.76","59495.76","-88201.41","4536.21","10.78","5081.57","1"
"443","59495.76","59495.76","-87142.94","4536.21","10.76","5092.54","1"
"444","59495.76","59495.76","-87657.39","4536.21","10.79","5103.57","1"
"445","59495.76","59495.76","-86924.88","4536.21","10.77","5114.55","1"
"446","59495.76","59495.76","-88265.24","4536.21","10.83","5125.63","1"
"447","59495.76","59495.76","-88275.07","4536.21","10.94","5136.78","1"
"448","59495.76","59495.76","-87918.94","4536.21","10.89","5147.92","1"
"449","59495.77","59495.76","-86745.17","4536.21","10.75","5158.91","1"
"450","59495.77","59495.76","-86937.26","4536.21","10.77","5169.92","1"
"451","59495.77","59495.76","-86630.45","4536.21","10.92","5181.08","1"
"452","59495.77","59495.76","-87094.77","4536.21","10.85","5192.2","1"
"453","59495.77","59495.76","-84237.61","4536.21","10.72","5203.16","1"
"454","59495.77","59495.76","-86559.12","4536.21","10.76","5214.16","1"
"455","59495.77","59495.76","-89147.55","4536.21","10.87","5225.27","1"
"456","59495.77","59495.76","-84315.77","4536.21","11.05","5236.55","1"
"457","59495.77","59495.76","-88112.45","4536.21","10.96","5247.75","1"
"458","59495.77","59495.76","-89059.29","4536.21","10.73","5258.73","1"
"459","59495.77","59495.77","-88681.77","4536.21","10.76","5269.71","1"
"460","59495.77","59495.77","-87040.17","4536.21","10.70","5280.64","1"
"461","59495.77","59495.77","-89531.67","4536.21","10.78","5291.65","1"
"462","59495.77","59495.77","-87493.51","4536.21","10.73","5302.62","1"
"463","59495.77","59495.77","-87528.82","4536.21","10.75","5313.61","1"
"464","59495.77","59495.77","-86288.26","4536.21","10.74","5324.59","1"
"465","59495.77","59495.77","-87424.01","4536.21","10.73","5335.55","1"
"466","59495.77","59495.77","-87508.81","4536.21","10.75","5346.54","1"
"467","59495.77","59495.77","-86338.62","4536.21","10.76","5357.53","1"
"468","59495.77","59495.77","-85430.27","4536.21","10.89","5368.64","1"
"469","59495.77","59495.77","-88506.38","4536.21","10.83","5379.68","1"
"470","59495.77","59495.77","-86339.98","4536.21","10.75","5390.63","1"
"471","59495.77","59495.77","-85053.94","4536.21","10.74","5401.61","1"
"472","59495.77","59495.77","-88392.62","4536.21","11.04","5412.88","1"
"473","59495.77","59495.77","-86762.67","4536.21","10.93","5424","1"
"474","59495.77","59495.77","-87723.88","4536.21","10.73","5434.93","1"
"475","59495.77","59495.77","-87666.17","4536.21","10.91","5446.08","1"
"476","59495.77","59495.77","-88261.63","4536.21","10.76","5457.07","1"
"477","59495.77","59495.77","-86695.41","4536.21","10.75","5468.06","1"
"478","59495.77","59495.77","-89161.08","4536.21","10.75","5479.05","1"
"479","59495.77","59495.77","-89456.48","4536.21","10.79","5490.08","1"
"480","59495.77","59495.77","-86569.21","4536.21","10.76","5501.08","1"
"481","59495.77","59495.77","-87332.17","4536.21","10.88","5512.18","1"
"482","59495.77","59495.77","-87145.84","4536.21","10.75","5523.14","1"
"483","59495.77","59495.77","-86594.77","4536.21","10.72","5534.09","1"
"484","59495.77","59495.77","-85866.71","4536.21","11.01","5545.33","1"
"485","59495.77","59495.77","-88119.77","4536.21","11.02","5556.59","1"
"486","59495.77","59495.77","-84893.29","4536.21","11.01","5567.79","1"
"487","59495.77","59495.77","-84217.65","4536.21","10.78","5578.78","1"
"488","59495.77","59495.77","-87741.10","4536.21","10.48","5589.51","1"
"489","59495.77","59495.77","-89084.58","4536.21","9.75","5599.47","1"
"490","59495.77","59495.77","-87225.55","4536.21","9.86","5609.54","1"
"491","59495.77","59495.77","-84869.86","4536.21","9.81","5619.57","1"
"492","59495.77","59495.77","-88585.55","4536.21","9.94","5629.74","1"
"493","59495.77","59495.77","-86491.03","4536.21","10.06","5640.01","1"
"494","59495.77","59495.77","-88184.84","4536.21","10.27","5650.53","1"
"495","59495.77","59495.77","-88698.56","4536.21","10.74","5661.51","1"
"496","59495.77","59495.77","-87582.07","4536.21","11.07","5672.77","1"
"497","59495.77","59495.77","-86007.30","4536.21","11.13","5684.09","1"
"498","59495.77","59495.77","-88780.95","4536.21","11.42","5695.76","1"
"499","59495.77","59495.77","-87548.12","4536.21","11.76","5707.77","1"
"500","59495.77","59495.77","-87504.14","4536.21","12.22","5720.25","1"
"501","59495.77","59495.77","-87674.93","4536.21","12.29","5732.75","1"
"502","59495.77","59495.77","-87710.78","4536.21","12.51","5745.53","1"
"503","59495.77","59495.77","-85751.21","4536.21","12.30","5758.09","1"
"504","59495.77","59495.77","-87926.09","4536.21","12.33","5770.69","1"
"505","59495.77","59495.77","-85613.72","4536.21","12.33","5783.29","1"
"506","59495.77","59495.77","-89676.84","4536.21","12.40","5795.96","1"
"507","59495.77","59495.77","-87150.06","4536.21","12.36","5808.54","1"
"508","59495.77","59495.77","-87797.98","4536.21","12.33","5821.13","1"
"509","59495.77","59495.77","-86112.86","4536.21","12.30","5833.69","1"
"510","59495.77","59495.77","-88325.49","4536.21","12.35","5846.3","1"
"511","59495.77","59495.77","-84343.65","4536.21","12.35","5858.91","1"
"512","59495.77","59495.77","-88652.98","4536.21","12.29","5871.47","1"
"513","59495.77","59495.77","-87450.74","4536.21","12.31","5884.05","1"
"514","59495.77","59495.77","-86118.63","4536.21","12.23","5896.54","1"
"515","59495.77","59495.77","-89570.42","4536.21","12.25","5909.05","1"
"516","59495.77","59495.77","-89534.84","4536.21","12.52","5921.83","1"
"517","59495.77","59495.77","-85026.45","4536.21","12.14","5934.17","1"
"518","59495.77","59495.77","-86730.34","4536.21","12.35","5946.78","1"
"519","59495.77","59495.77","-88369.65","4536.21","12.12","5959.1","1"
"520","59495.77","59495.77","-88548.32","4536.21","12.04","5971.4","1"
"521","59495.77","59495.77","-87126.27","4536.21","12.08","5983.74","1"
"522","59495.77","59495.77","-86712.16","4536.21","12.24","5996.23","1"
"523","59495.77","59495.77","-87875.42","4536.21","11.96","6008.4","1"
"524","59495.77","59495.77","-88497.82","4536.21","12.01","6020.66","1"
"525","59495.77","59495.77","-86287.60","4536.21","12.02","6032.94","1"
"526","59495.77","59495.77","-87062.11","4536.21","12.24","6045.44","1"
"527","59495.77","59495.77","-86395.78","4536.21","11.92","6057.62","1"
"528","59495.77","59495.77","-85393.95","4536.21","11.85","6069.73","1"
"529","59495.77","59495.77","-84807.06","4536.21","12.06","6082.05","1"
"530","59495.77","59495.77","-87848.41","4536.21","11.78","6094.04","1"
"531","59495.77","59495.77","-85892.52","4536.21","11.98","6106.27","1"
"532","59495.77","59495.77","-87277.73","4536.21","11.83","6118.3","1"
"533","59495.77","59495.77","-86980.25","4536.21","11.80","6130.35","1"
"534","59495.77","59495.77","-89088.62","4536.21","11.80","6142.41","1"
"535","59495.77","59495.77","-86367.96","4536.21","11.78","6154.44","1"
"536","59495.77","59495.77","-89465.77","4536.21","11.96","6166.66","1"
"537","59495.77","59495.77","-87413.32","4536.21","11.79","6178.65","1"
"538","59495.77","59495.77","-87649.00","4536.21","11.79","6190.7","1"
"539","59495.77","59495.77","-88229.55","4536.21","11.64","6202.6","1"
"540","59495.77","59495.77","-86204.12","4536.21","11.82","6214.67","1"
"541","59495.77","59495.77","-87769.48","4536.21","11.55","6226.42","1"
"542","59495.77","59495.77","-88707.12","4536.21","11.60","6238.28","1"
"543","59495.77","59495.77","-86858.99","4536.21","11.53","6250.05","1"
"544","59495.77","59495.77","-89518.38","4536.21","11.51","6261.81","1"
"545","59495.77","59495.77","-87769.77","4536.21","11.50","6273.57","1"
"546","59495.77","59495.77","-88009.02","4536.21","11.47","6285.28","1"
"547","59495.77","59495.77","-86643.59","4536.21","11.46","6296.98","1"
"548","59495.85","59495.77","-85543.64","4536.21","11.44","6308.68","1"
"549","59495.85","59495.77","-88620.62","4536.21","11.38","6320.31","1"
"550","59495.85","59495.77","-88037.20","4536.21","11.43","6331.99","1"
"551","59495.85","59495.77","-89503.73","4536.21","11.65","6343.89","1"
"552","59495.85","59495.77","-87391.82","4536.21","11.36","6355.43","1"
"553","59495.85","59495.77","-87480.04","4536.21","11.39","6367.08","1"
"554","59495.85","59495.77","-85922.41","4536.21","11.29","6378.62","1"
"555","59495.85","59495.77","-87085.66","4536.21","11.35","6390.22","1"
"556","59495.85","59495.77","-86307.71","4536.21","11.29","6401.76","1"
"557","59495.85","59495.77","-88463.13","4536.21","11.28","6413.28","1"
"558","59495.85","59495.77","-86332.75","4536.21","11.34","6424.87","1"
"559","59495.85","59495.77","-87297.72","4536.21","11.23","6436.35","1"
"560","59495.85","59495.85","-87575.23","4536.21","11.42","6448.02","1"
"561","59495.85","59495.85","-86560.52","4536.21","11.33","6459.55","1"
"562","59495.85","59495.85","-87822.77","4536.21","11.48","6471.25","1"
"563","59495.85","59495.85","-87757.44","4536.21","11.41","6482.87","1"
"564","59495.85","59495.85","-87504.75","4536.21","11.49","6494.57","1"
"565","59495.85","59495.85","-88877.13","4536.21","11.37","6506.15","1"
"566","59495.85","59495.85","-87275.92","4536.21","11.32","6517.72","1"
"567","59495.85","59495.85","-87579.31","4536.21","11.32","6529.28","1"
"568","59895.94","59495.85","-87777.83","4536.21","11.45","6540.98","1"
"569","59994.04","59495.85","-89435.64","4536.21","11.34","6552.52","1"
"570","59994.04","59495.85","-87941.46","4536.21","11.36","6564.12","1"
"571","59994.04","59495.85","-88393.42","4536.21","11.46","6575.83","1"
"572","59994.04","59495.85","-87897.32","4536.21","11.55","6587.58","1"
"573","59994.04","59495.85","-86899.87","4536.21","11.45","6599.23","1"
"574","59994.04","59495.85","-86345.83","4536.21","11.32","6610.75","1"
"575","59994.04","59495.85","-88385.57","4536.21","11.31","6622.31","1"
"576","59994.04","59495.85","-88426.19","4536.21","11.42","6633.98","1"
"577","59994.04","59495.85","-87111.93","4536.21","11.72","6645.9","1"
"578","59994.04","59495.85","-87102.80","4536.21","11.27","6657.36","1"
"579","59994.04","59495.85","-88321.30","4536.21","11.49","6669.1","1"
"580","59994.04","59495.85","-87654.52","4536.21","11.39","6680.7","1"
"581","59994.04","59495.85","-86591.22","4536.21","11.29","6692.21","1"
"582","59994.04","59495.85","-88063.84","4536.21","11.35","6703.81","1"
"583","59994.04","59994.04","-87120.08","4536.21","11.28","6715.33","1"
"584","59994.04","59994.04","-88081.61","4536.21","11.46","6727.04","1"
"585","59996.01","59994.04","-89925.04","4536.21","11.46","6738.71","1"
"586","59996.01","59994.04","-85689.77","4536.21","11.52","6750.42","1"
"587","59996.01","59994.04","-85508.19","4536.21","11.38","6762","1"
"588","59996.01","59994.04","-85972.70","4536.21","11.28","6773.51","1"
"589","59996.01","59994.04","-88215.55","4536.21","11.40","6785.16","1"
"590","59996.01","59994.04","-89185.14","4536.21","11.33","6796.73","1"
"591","59996.01","59994.04","-88079.21","4536.21","11.34","6808.32","1"
"592","59996.01","59994.04","-88588.05","4536.21","11.28","6819.84","1"
"593","59996.01","59994.04","-86792.22","4536.21","11.32","6831.4","1"
"594","59996.01","59994.04","-86318.48","4536.21","11.30","6842.95","1"
"595","59996.01","59994.04","-87635.56","4536.21","11.61","6854.8","1"
"596","59996.01","59994.27","-88284.78","4536.21","11.57","6866.57","1"
"597","59996.01","59994.27","-86819.34","4536.21","11.30","6878.12","1"
"598","59996.01","59996.01","-88296.59","4536.21","11.34","6889.71","1"
"599","59996.01","59996.01","-88732.60","4536.21","11.36","6901.3","1"
"600","59996.01","59996.01","-87499.09","4536.21","11.27","6912.82","1"
"601","59996.01","59996.01","-86954.64","4536.21","11.32","6924.37","1"
"602","59996.01","59996.01","-87365.42","4536.21","11.40","6936.03","1"
"603","59996.01","59996.01","-86903.93","4536.21","11.50","6947.78","1"
"604","59996.01","59996.01","-86619.70","4536.21","11.30","6959.33","1"
"605","59996.01","59996.01","-88147.38","4536.21","11.33","6970.9","1"
"606","59996.01","59996.01","-87241.35","4536.21","11.38","6982.51","1"
"607","59996.01","59996.01","-87782.88","4536.21","11.29","6994.03","1"
"608","59996.01","59996.01","-88693.90","4536.21","11.34","7005.62","1"
"609","59996.01","59996.01","-87703.32","4536.21","11.44","7017.31","1"
"610","59996.01","59996.01","-87801.48","4536.21","11.51","7029.02","1"
"611","59996.01","59996.01","-86664.27","4536.21","11.64","7040.92","1"
"612","59996.01","59996.01","-89005.21","4536.21","11.29","7052.42","1"
"613","59996.01","59996.01","-88955.23","4536.21","11.60","7064.27","1"
"614","59996.01","59996.01","-86481.52","4536.21","11.29","7075.75","1"
"615","59996.01","59996.01","-87446.58","4536.21","11.32","7087.32","1"
"616","59996.01","59996.01","-87978.97","4536.21","11.74","7099.3","1"
"617","59996.01","59996.01","-85876.12","4536.21","11.32","7110.88","1"
"618","59996.01","59996.01","-87986.52","4536.21","11.31","7122.44","1"
"619","59996.01","59996.01","-86826.13","4536.21","11.31","7134","1"
"620","59996.01","59996.01","-87174.02","4536.21","11.33","7145.57","1"
"621","59996.01","59996.01","-88775.18","4536.21","11.38","7157.2","1"
"622","59996.01","59996.01","-87388.68","4536.21","11.39","7168.84","1"
"623","59996.01","59996.01","-86938.46","4536.21","11.34","7180.43","1"
"624","59996.01","59996.01","-87650.80","4536.21","11.28","7191.97","1"
"625","59996.01","59996.01","-87763.45","4536.21","11.36","7203.58","1"
"626","59996.01","59996.01","-87896.95","4536.21","11.30","7215.13","1"
"627","59996.01","59996.01","-87055.20","4536.21","11.46","7226.87","1"
"628","59996.01","59996.01","-88442.07","4536.21","11.38","7238.47","1"
"629","59996.01","59996.01","-87775.08","4536.21","11.30","7250.02","1"
"630","59996.01","59996.01","-89353.49","4536.21","11.42","7261.68","1"
"631","59996.01","59996.01","-85228.13","4536.21","11.44","7273.35","1"
"632","59996.01","59996.01","-88521.20","4536.21","11.36","7284.91","1"
"633","59996.01","59996.01","-88797.17","4536.21","11.35","7296.5","1"
"634","59996.01","59996.01","-86975.11","4536.21","11.30","7308.05","1"
"635","59996.01","59996.01","-87580.73","4536.21","11.34","7319.63","1"
"636","59996.01","59996.01","-88128.84","4536.21","11.55","7331.42","1"
"637","59996.01","59996.01","-88514.72","4536.21","11.39","7343.01","1"
"638","59996.01","59996.01","-87669.16","4536.21","11.36","7354.62","1"
"639","59996.01","59996.01","-87122.21","4536.21","11.31","7366.18","1"
"640","59996.01","59996.01","-86089.05","4536.21","11.32","7377.75","1"
"641","59996.01","59996.01","-87760.45","4536.21","11.30","7389.3","1"
"642","59996.01","59996.01","-88223.42","4536.21","11.36","7400.91","1"
"643","59996.01","59996.01","-87407.03","4536.21","11.40","7412.56","1"
"644","59996.01","59996.01","-86159.01","4536.21","11.30","7424.1","1"
"645","59996.01","59996.01","-89181.12","4536.21","11.34","7435.69","1"
"646","59996.01","59996.01","-86064.31","4536.21","11.32","7447.26","1"
"647","59996.01","59996.01","-87493.60","4536.21","11.35","7458.87","1"
"648","59996.01","59996.01","-86729.41","4536.21","11.33","7470.45","1"
"649","59996.01","59996.01","-86973.95","4536.21","11.74","7482.44","1"
"650","59996.01","59996.01","-86619.40","4536.21","11.36","7494.01","1"
"651","59996.01","59996.01","-87527.87","4536.21","11.46","7505.72","1"
"652","59996.01","59996.01","-86298.77","4536.21","11.36","7517.29","1"
"653","59996.01","59996.01","-88198.68","4536.21","11.51","7529.05","1"
"654","59996.01","59996.01","-88150.78","4536.21","11.37","7540.68","1"
"655","59996.01","59996.01","-87565.32","4536.21","11.52","7552.46","1"
"656","59996.01","59996.01","-86403.55","4536.21","11.33","7564.03","1"
"657","59996.01","59996.01","-88097.34","4536.21","11.37","7575.66","1"
"658","59996.01","59996.01","-86608.20","4536.21","11.36","7587.26","1"
"659","59996.01","59996.01","-87093.49","4536.21","11.50","7599.01","1"
"660","59996.01","59996.01","-87772.72","4536.21","11.50","7610.71","1"
"661","59996.01","59996.01","-88775.09","4536.21","11.31","7622.21","1"
"662","59996.01","59996.01","-87265.41","4536.21","11.47","7633.93","1"
"663","59996.01","59996.01","-88966.33","4536.21","11.31","7645.45","1"
"664","59996.01","59996.01","-85489.42","4536.21","11.34","7657.04","1"
"665","59996.01","59996.01","-85339.09","4536.21","11.38","7668.67","1"
"666","59996.01","59996.01","-87265.76","4536.21","11.33","7680.22","1"
"667","59996.01","59996.01","-87846.30","4536.21","11.33","7691.79","1"
"668","59996.01","59996.01","-88641.48","4536.21","11.40","7703.43","1"
"669","59996.01","59996.01","-88784.71","4536.21","11.53","7715.21","1"
"670","59996.01","59996.01","-86653.69","4536.21","11.29","7726.7","1"
"671","59996.01","59996.01","-85864.97","4536.21","11.50","7738.46","1"
"672","59996.01","59996.01","-87836.20","4536.21","11.34","7750.01","1"
"673","59996.01","59996.01","-85458.23","4536.21","11.46","7761.71","1"
"674","59996.01","59996.01","-86554.58","4536.21","11.31","7773.23","1"
"675","59996.01","59996.01","-88537.45","4536.21","11.31","7784.79","1"
"676","59996.01","59996.01","-85688.33","4536.21","11.35","7796.37","1"
"677","59996.01","59996.01","-88865.74","4536.21","11.48","7808.09","1"
"678","59996.01","59996.01","-88385.52","4536.21","11.48","7819.78","1"
"679","59996.01","59996.01","-86031.84","4536.21","11.42","7831.41","1"
"680","59996.01","59996.01","-87803.65","4536.21","11.59","7843.24","1"
"681","59996.01","59996.01","-85601.73","4536.21","11.36","7854.85","1"
"682","59996.01","59996.01","-88494.87","4536.21","11.33","7866.44","1"
"683","59996.01","59996.01","-86577.61","4536.21","11.32","7878.01","1"
"684","59996.01","59996.01","-85881.05","4536.21","11.40","7889.66","1"
"685","59996.01","59996.01","-86538.56","4536.21","11.28","7901.16","1"
"686","59996.01","59996.01","-85037.27","4536.21","11.35","7912.76","1"
"687","59996.01","59996.01","-86127.05","4536.21","11.32","7924.34","1"
"688","59996.01","59996.01","-87825.62","4536.21","11.29","7935.88","1"
"689","59996.01","59996.01","-86749.85","4536.21","11.52","7947.65","1"
"690","59996.01","59996.01","-87282.98","4536.21","11.30","7959.16","1"
"691","59996.01","59996.01","-85806.42","4536.21","11.35","7970.75","1"
"692","59996.01","59996.01","-87678.33","4536.21","11.28","7982.29","1"
"693","59996.01","59996.01","-89286.14","4536.21","11.32","7993.85","1"
"694","59996.01","59996.01","-86399.68","4536.21","11.48","8005.58","1"
"695","59996.01","59996.01","-85023.50","4536.21","11.30","8017.08","1"
"696","59996.01","59996.01","-88310.71","4536.21","11.50","8028.81","1"
"697","59996.01","59996.01","-86187.95","4536.21","11.28","8040.29","1"
"698","59996.01","59996.01","-88732.99","4536.21","11.33","8051.87","1"
"699","59996.01","59996.01","-88003.88","4536.21","11.40","8063.51","1"
"700","59996.01","59996.01","-87637.74","4536.21","11.62","8075.36","1"
"701","59996.01","59996.01","-86417.73","4536.21","11.51","8087.06","1"
"702","59996.01","59996.01","-87890.21","4536.21","11.38","8098.65","1"
"703","59996.07","59996.01","-87307.02","4536.21","11.52","8110.42","1"
"704","59996.07","59996.01","-88343.06","4536.21","11.56","8122.2","1"
"705","59996.07","59996.01","-88929.61","4536.21","11.36","8133.76","1"
"706","59996.07","59996.01","-87255.89","4536.21","11.36","8145.36","1"
"707","59996.07","59996.01","-88223.62","4536.21","11.48","8157.1","1"
"708","59996.07","59996.01","-88437.19","4536.21","11.39","8168.68","1"
"709","59996.07","59996.01","-88570.27","4536.21","11.34","8180.28","1"
"710","59996.07","59996.01","-88337.09","4536.21","11.48","8192.01","1"
"711","59996.07","59996.01","-87053.20","4536.21","11.36","8203.56","1"
"712","59996.07","59996.01","-87985.13","4536.21","11.30","8215.12","1"
"713","59996.07","59996.01","-89353.42","4536.21","11.49","8226.85","1"
"714","59996.07","59996.01","-87183.92","4536.21","11.41","8238.47","1"
"715","59996.07","59996.01","-88896.93","4536.21","11.36","8250.07","1"
"716","59996.07","59996.07","-86666.28","4536.21","11.41","8261.72","1"
"717","59996.07","59996.07","-88104.33","4536.21","11.32","8273.29","1"
"718","59996.07","59996.07","-86952.14","4536.21","11.35","8284.89","1"
"719","59996.07","59996.07","-86725.98","4536.21","11.32","8296.46","1"
"720","59996.07","59996.07","-89044.21","4536.21","11.49","8308.2","1"
"721","59996.07","59996.07","-87882.09","4536.21","11.35","8319.76","1"
"722","59996.07","59996.07","-86938.05","4536.21","11.29","8331.3","1"
"723","59996.07","59996.07","-87851.62","4536.21","11.33","8342.87","1"
"724","59996.07","59996.07","-87240.33","4536.21","11.33","8354.46","1"
"725","59996.07","59996.07","-86185.26","4536.21","11.50","8366.2","1"
"726","59996.07","59996.07","-87498.16","4536.21","11.34","8377.74","1"
"727","59996.07","59996.07","-86804.91","4536.21","11.44","8389.42","1"
"728","59996.07","59996.07","-86830.88","4536.21","11.37","8400.99","1"
"729","59996.07","59996.07","-87627.54","4536.21","11.30","8412.53","1"
"730","59996.07","59996.07","-87553.04","4536.21","11.37","8424.15","1"
"731","59996.07","59996.07","-85033.12","4536.21","11.37","8435.78","1"
"732","59996.07","59996.07","-89345.59","4536.21","11.46","8447.47","1"
"733","59996.07","59996.07","-86600.81","4536.21","11.36","8459.07","1"
"734","59996.07","59996.07","-85020.27","4536.21","11.29","8470.6","1"
"735","59996.07","59996.07","-88686.55","4536.21","11.55","8482.4","1"
"736","59996.07","59996.07","-87590.59","4536.21","11.50","8494.16","1"
"737","59996.07","59996.07","-85872.94","4536.21","11.53","8505.95","1"
"738","59996.07","59996.07","-86409.21","4536.21","11.35","8517.56","1"
"739","59996.07","59996.07","-87358.60","4536.21","11.33","8529.13","1"
"740","59996.15","59996.07","-87930.41","4536.23","11.49","8540.87","1"
"741","59996.15","59996.07","-85169.66","4536.23","11.32","8552.39","1"
"742","59996.15","59996.07","-88125.47","4536.23","11.35","8563.99","1"
"743","59996.15","59996.07","-85617.73","4536.23","11.35","8575.6","1"
"744","59996.15","59996.07","-86357.26","4536.23","11.34","8587.18","1"
"745","59996.15","59996.07","-88416.64","4536.23","11.40","8598.83","1"
"746","59996.15","59996.07","-88141.75","4536.23","11.30","8610.37","1"
"747","59996.15","59996.07","-88832.09","4536.23","11.35","8621.97","1"
"748","59996.15","59996.07","-88009.51","4536.23","11.33","8633.54","1"
"749","59996.15","59996.07","-87734.72","4536.23","11.29","8645.08","1"
"750","59996.15","59996.07","-88642.94","4536.23","11.35","8656.67","1"
"751","59996.15","59996.07","-88677.23","4536.23","11.32","8668.24","1"
"752","59996.15","59996.07","-88717.53","4536.23","11.33","8679.82","1"
"753","59996.15","59996.07","-88314.97","4536.23","11.49","8691.55","1"
"754","59996.15","59996.15","-88575.96","4536.23","11.30","8703.06","1"
"755","59996.15","59996.15","-86240.96","4536.23","11.34","8714.65","1"
"756","59996.15","59996.15","-88987.66","4536.23","11.30","8726.2","1"
"757","59996.15","59996.15","-83881.76","4536.23","11.48","8737.92","1"
"758","59996.15","59996.15","-86799.06","4536.23","11.49","8749.66","1"
"759","59996.15","59996.15","-85565.30","4536.23","11.29","8761.22","1"
"760","59996.15","59996.15","-86009.46","4536.23","11.33","8772.81","1"
"761","59996.15","59996.15","-87413.97","4536.23","11.30","8784.36","1"
"762","59996.15","59996.15","-89606.07","4536.23","11.33","8795.94","1"
"763","59996.15","59996.15","-86949.50","4536.23","11.28","8807.47","1"
"764","59996.15","59996.15","-87040.22","4536.23","11.33","8819.04","1"
"765","59996.15","59996.15","-87766.62","4536.23","11.47","8830.76","1"
"766","59996.15","59996.15","-88650.26","4536.23","11.52","8842.52","1"
"767","59996.15","59996.15","-86409.73","4536.23","11.32","8854.09","1"
"768","59996.15","59996.15","-87837.93","4536.23","11.29","8865.62","1"
"769","59996.15","59996.15","-89123.83","4536.23","11.31","8877.18","1"
"770","59996.15","59996.15","-85980.34","4536.23","11.32","8888.74","1"
"771","59996.15","59996.15","-85725.12","4536.23","11.40","8900.38","1"
"772","59996.15","59996.15","-88741.66","4536.23","11.48","8912.11","1"
"773","59996.15","59996.15","-87782.33","4536.23","11.33","8923.64","1"
"774","59996.15","59996.15","-87435.63","4536.23","11.33","8935.2","1"
"775","59996.15","59996.15","-86681.23","4536.23","11.28","8946.73","1"
"776","59996.15","59996.15","-86783.02","4536.23","11.30","8958.3","1"
"777","59996.15","59996.15","-88284.48","4536.23","11.38","8969.93","1"
"778","59996.15","59996.15","-87260.59","4536.23","11.26","8981.43","1"
"779","59996.15","59996.15","-89637.47","4536.23","11.46","8993.14","1"
"780","59996.15","59996.15","-87900.17","4536.23","11.28","9004.62","1"
"781","59996.15","59996.15","-87586.46","4536.23","11.33","9016.2","1"
"782","59996.15","59996.15","-89203.16","4536.23","11.48","9027.92","1"
"783","59996.15","59996.15","-87981.00","4536.23","11.28","9039.4","1"
"784","59996.15","59996.15","-87886.66","4536.23","11.33","9050.99","1"
"785","59996.15","59996.15","-87380.96","4536.23","11.45","9062.69","1"
"786","59996.15","59996.15","-87367.77","4536.23","11.32","9074.2","1"
"787","59996.15","59996.15","-88221.14","4536.23","11.35","9085.8","1"
"788","59996.15","59996.15","-87845.27","4536.23","11.27","9097.3","1"
"789","59996.15","59996.15","-87882.51","4536.23","11.46","9109","1"
"790","59996.15","59996.15","-85806.17","4536.23","11.27","9120.47","1"
"791","59996.15","59996.15","-87487.57","4536.23","11.32","9132.03","1"
"792","59996.15","59996.15","-86648.61","4536.23","11.30","9143.58","1"
"793","59996.15","59996.15","-87171.66","4536.23","11.63","9155.46","1"
"794","59996.15","59996.15","-85487.26","4536.23","11.42","9167.12","1"
"795","59996.15","59996.15","-86398.59","4536.23","11.27","9178.63","1"
"796","59996.15","59996.15","-85765.08","4536.23","11.32","9190.19","1"
"797","60033.82","59996.15","-88484.40","4536.23","11.35","9201.8","1"
"798","60033.82","59996.15","-87853.37","4536.23","11.34","9213.34","1"
"799","60033.82","59996.15","-87451.59","4536.23","11.34","9224.93","1"
"800","60033.82","59996.15","-86343.22","4536.23","11.28","9236.45","1"
"801","60033.82","59996.15","-86774.84","4536.23","11.29","9247.99","1"
"802","60033.82","59996.15","-87307.62","4536.23","11.29","9259.52","1"
"803","60033.82","59996.15","-85790.23","4536.23","11.30","9271.07","1"
"804","60033.82","59996.15","-86514.79","4536.23","11.51","9282.82","1"
"805","60033.82","59996.15","-86255.29","4536.23","11.26","9294.28","1"
"806","60033.82","59996.15","-88827.09","4536.23","11.47","9305.99","1"
"807","60033.82","59996.15","-88201.71","4536.23","11.42","9317.63","1"
"808","60033.82","59996.15","-86950.73","4536.23","11.31","9329.13","1"
"809","60033.82","59996.15","-86334.52","4536.23","11.27","9340.63","1"
"810","60033.82","60033.82","-86400.60","4536.23","11.61","9352.49","1"
"811","60035.16","60033.82","-89046.89","4536.23","11.46","9364.19","1"
"812","60035.16","60033.82","-87152.62","4536.23","11.27","9375.66","1"
"813","60036.28","60033.82","-88983.41","4536.23","11.33","9387.24","1"
"814","60036.28","60033.82","-87563.49","4536.23","11.25","9398.75","1"
"815","60036.28","60033.82","-87023.60","4536.23","11.30","9410.3","1"
"816","60036.28","60033.82","-87276.96","4536.23","11.32","9421.87","1"
"817","60036.28","60033.82","-85561.45","4536.23","11.45","9433.57","1"
"818","60036.28","60033.82","-88070.62","4536.23","11.30","9445.08","1"
"819","60036.28","60033.82","-88529.02","4536.23","11.27","9456.6","1"
"820","60036.28","60033.82","-88507.33","4536.23","11.46","9468.3","1"
"821","60036.28","60033.82","-87105.76","4536.23","11.33","9479.88","1"
"822","60036.28","60033.82","-87318.37","4536.23","11.26","9491.38","1"
"823","60036.28","60035.16","-88606.50","4536.23","11.34","9502.96","1"
"824","60036.28","60035.16","-88762.16","4536.23","11.29","9514.5","1"
"825","60036.28","60036.28","-89295.46","4536.23","11.32","9526.07","1"
"826","60036.28","60036.28","-86358.45","4536.23","11.29","9537.6","1"
"827","60036.28","60036.28","-87129.10","4536.23","11.32","9549.18","1"
"828","60036.28","60036.28","-87174.27","4536.23","11.34","9560.76","1"
"829","60036.28","60036.28","-85010.09","4536.23","11.45","9572.46","1"
"830","60036.28","60036.28","-88126.39","4536.23","11.31","9583.96","1"
"831","60036.28","60036.28","-84306.41","4536.23","11.26","9595.46","1"
"832","60036.28","60036.28","-87733.36","4536.23","11.46","9607.17","1"
"833","60036.28","60036.28","-88925.73","4536.23","11.33","9618.71","1"
"834","60036.28","60036.28","-86499.72","4536.23","11.36","9630.31","1"
"835","60036.28","60036.28","-86207.88","4536.23","11.54","9642.08","1"
"836","60036.28","60036.28","-88348.98","4536.23","11.37","9653.7","1"
"837","60036.28","60036.28","-84434.35","4536.23","11.46","9665.38","1"
"838","60036.28","60036.28","-86956.62","4536.23","11.46","9677.05","1"
"839","60036.28","60036.28","-85406.40","4536.23","11.30","9688.55","1"
"840","60036.28","60036.28","-89170.45","4536.23","11.31","9700.08","1"
"841","60036.28","60036.28","-88082.98","4536.23","11.27","9711.59","1"
"842","60036.28","60036.28","-86139.13","4536.23","11.32","9723.16","1"
"843","60036.28","60036.28","-86306.06","4536.23","11.30","9734.71","1"
"844","60036.28","60036.28","-88446.42","4536.23","11.47","9746.42","1"
"845","60036.28","60036.28","-88741.08","4536.23","11.33","9757.96","1"
"846","60036.28","60036.28","-87366.17","4536.23","11.44","9769.65","1"
"847","60036.28","60036.28","-84622.81","4536.23","11.39","9781.23","1"
"848","60036.28","60036.28","-86960.76","4536.23","11.28","9792.76","1"
"849","60036.28","60036.28","-86548.58","4536.23","11.34","9804.34","1"
"850","60036.28","60036.28","-86891.06","4536.23","11.28","9815.87","1"
"851","60036.28","60036.28","-85910.48","4536.23","11.46","9827.58","1"
"852","60036.28","60036.28","-88812.40","4536.23","11.44","9839.22","1"
"853","60036.28","60036.28","-88120.63","4536.23","11.33","9850.74","1"
"854","60036.28","60036.28","-86827.09","4536.23","11.35","9862.34","1"
"855","60036.28","60036.28","-87260.28","4536.23","11.28","9873.86","1"
"856","60036.28","60036.28","-86427.91","4536.23","11.32","9885.42","1"
"857","60036.28","60036.28","-88001.35","4536.23","11.28","9896.95","1"
"858","60036.28","60036.28","-86773.66","4536.23","11.35","9908.55","1"
"859","60036.28","60036.28","-87739.62","4536.23","11.35","9920.15","1"
"860","60036.28","60036.28","-85197.68","4536.23","11.12","9931.5","1"
"861","60036.28","60036.28","-87079.38","4536.23","9.59","9941.28","1"
"862","60036.28","60036.28","-86474.42","4536.23","10.86","9952.38","1"
"863","60036.31","60036.28","-86580.58","4536.23","10.41","9962.99","1"
"864","60036.31","60036.28","-86410.65","4536.23","10.34","9973.57","1"
"865","60036.31","60036.28","-89161.28","4536.23","10.33","9984.11","1"
"866","60036.31","60036.28","-86392.65","4536.23","10.30","9994.64","1"
"867","60036.31","60036.28","-87194.80","4536.23","10.31","10005.19","1"
"868","60036.31","60036.28","-85834.79","4536.23","10.41","10015.83","1"
"869","60036.31","60036.28","-86537.00","4536.23","10.28","10026.31","1"
"870","60036.31","60036.28","-86694.12","4536.23","10.31","10036.87","1"
"871","60036.31","60036.28","-86419.07","4536.23","10.64","10047.74","1"
"872","60036.31","60036.28","-88980.09","4536.23","10.35","10058.28","1"
"873","60036.31","60036.28","-86129.42","4536.23","10.55","10069.08","1"
"874","60036.31","60036.28","-88070.71","4536.23","10.35","10079.62","1"
"875","60036.31","60036.28","-87602.24","4536.23","10.48","10090.33","1"
"876","60036.31","60036.28","-87862.20","4536.23","10.30","10100.84","1"
"877","60036.31","60036.28","-88149.67","4536.23","10.31","10111.39","1"
"878","60036.31","60036.28","-88033.85","4536.23","10.35","10121.96","1"
"879","60036.31","60036.31","-87408.81","4536.23","10.28","10132.48","1"
"880","60036.31","60036.31","-88126.67","4536.23","10.47","10143.19","1"
"881","60036.31","60036.31","-87139.02","4536.23","10.29","10153.67","1"
"882","60036.31","60036.31","-87770.30","4536.23","10.48","10164.38","1"
"883","60036.31","60036.31","-87799.73","4536.23","10.55","10175.12","1"
"884","60036.31","60036.31","-87843.54","4536.23","10.56","10185.92","1"
"885","60036.31","60036.31","-89052.51","4536.23","10.30","10196.42","1"
"886","60036.31","60036.31","-89339.73","4536.23","10.38","10207.04","1"
"887","60036.31","60036.31","-87365.20","4536.23","10.35","10217.62","1"
"888","60036.31","60036.31","-87767.66","4536.23","10.37","10228.21","1"
"889","60036.31","60036.31","-86749.65","4536.23","10.48","10238.92","1"
"890","60036.31","60036.31","-88402.15","4536.23","10.48","10249.61","1"
"891","60036.31","60036.31","-85291.18","4536.23","10.40","10260.24","1"
"892","60036.31","60036.31","-85152.51","4536.23","10.34","10270.81","1"
"893","60036.31","60036.31","-89813.37","4536.23","10.35","10281.39","1"
"894","60036.31","60036.31","-87232.89","4536.23","10.34","10291.96","1"
"895","60036.31","60036.31","-89835.70","4536.23","10.47","10302.67","1"
"896","60036.36","60036.31","-86309.52","4536.24","10.30","10313.18","1"
"897","60036.36","60036.31","-86578.48","4536.24","10.40","10323.81","1"
"898","60036.36","60036.31","-86753.27","4536.24","10.31","10334.34","1"
"899","60036.36","60036.31","-86958.91","4536.24","10.36","10344.93","1"
"900","60036.36","60036.31","-87116.66","4536.24","10.34","10355.49","1"
"901","60036.36","60036.31","-87113.73","4536.24","10.34","10366.07","1"
"902","60036.36","60036.31","-87816.56","4536.24","10.32","10376.62","1"
"903","60036.36","60036.31","-88970.54","4536.24","10.52","10387.37","1"
"904","60036.36","60036.31","-86009.73","4536.24","10.47","10398.07","1"
"905","60036.36","60036.31","-88571.52","4536.24","10.36","10408.63","1"
"906","60036.36","60036.31","-87071.98","4536.24","10.46","10419.33","1"
"907","60036.36","60036.31","-87945.70","4536.24","10.41","10429.95","1"
"908","60036.36","60036.31","-88447.30","4536.24","10.47","10440.62","1"
"909","60036.36","60036.36","-88957.29","4536.24","10.30","10451.12","1"
"910","60036.36","60036.36","-87801.15","4536.24","10.46","10461.81","1"
"911","60036.36","60036.36","-88520.55","4536.24","10.32","10472.33","1"
"912","60036.36","60036.36","-88410.43","4536.24","10.34","10482.9","1"
"913","60036.36","60036.36","-88870.20","4536.24","10.33","10493.47","1"
"914","60036.36","60036.36","-84837.67","4536.24","10.45","10504.16","1"
"915","60036.36","60036.36","-88871.91","4536.24","10.31","10514.67","1"
"916","60036.36","60036.36","-86144.07","4536.24","10.44","10525.35","1"
"917","60036.36","60036.36","-84283.71","4536.24","10.36","10535.91","1"
"918","60036.36","60036.36","-88001.69","4536.24","10.61","10546.76","1"
"919","60036.36","60036.36","-85041.23","4536.24","10.38","10557.37","1"
"920","60036.36","60036.36","-87303.63","4536.24","10.41","10568.02","1"
"921","60036.36","60036.36","-86827.12","4536.24","10.34","10578.59","1"
"922","60036.36","60036.36","-88414.47","4536.24","10.37","10589.19","1"
"923","60036.36","60036.36","-89775.30","4536.24","10.36","10599.79","1"
"924","60036.36","60036.36","-87841.02","4536.24","10.33","10610.36","1"
"925","60036.36","60036.36","-87509.46","4536.24","10.46","10621.05","1"
"926","60036.36","60036.36","-86514.80","4536.24","10.42","10631.68","1"
"927","60036.36","60036.36","-85667.30","4536.24","10.62","10642.54","1"
"928","60036.36","60036.36","-86646.54","4536.24","10.29","10653.04","1"
"929","60036.36","60036.36","-88639.56","4536.24","10.43","10663.71","1"
"930","60036.36","60036.36","-84538.80","4536.24","10.28","10674.18","1"
"931","60036.36","60036.36","-87563.82","4536.24","10.34","10684.75","1"
"932","60036.36","60036.36","-88302.55","4536.24","10.34","10695.33","1"
"933","60036.36","60036.36","-86703.77","4536.24","10.34","10705.88","1"
"934","60036.36","60036.36","-86168.90","4536.24","10.32","10716.43","1"
"935","60036.36","60036.36","-86445.40","4536.24","10.33","10726.99","1"
"936","60036.36","60036.36","-88696.05","4536.24","10.32","10737.55","1"
"937","60036.36","60036.36","-88870.93","4536.24","10.43","10748.21","1"
"938","60036.36","60036.36","-87624.93","4536.24","10.34","10758.75","1"
"939","60036.36","60036.36","-86723.49","4536.24","10.41","10769.4","1"
"940","60036.36","60036.36","-87756.18","4536.24","10.33","10779.92","1"
"941","60036.36","60036.36","-87143.16","4536.24","10.26","10790.42","1"
"942","60036.36","60036.36","-86075.70","4536.24","10.32","10800.98","1"
"943","60036.36","60036.36","-86869.52","4536.24","10.30","10811.5","1"
"944","60036.36","60036.36","-86421.20","4536.24","10.34","10822.08","1"
"945","60036.36","60036.36","-87145.49","4536.24","10.35","10832.66","1"
"946","60036.36","60036.36","-87265.84","4536.24","10.62","10843.51","1"
"947","60036.36","60036.36","-87093.19","4536.24","10.28","10853.99","1"
"948","60036.36","60036.36","-87938.91","4536.24","10.34","10864.56","1"
"949","60036.36","60036.36","-86770.32","4536.24","10.33","10875.12","1"
"950","60036.36","60036.36","-87830.09","4536.24","10.43","10885.79","1"
"951","60036.36","60036.36","-88046.76","4536.24","10.29","10896.29","1"
"952","60036.36","60036.36","-86343.60","4536.24","10.29","10906.84","1"
"953","60036.36","60036.36","-88137.99","4536.24","10.34","10917.41","1"
"954","60036.36","60036.36","-88703.08","4536.24","10.30","10927.94","1"
"955","60036.36","60036.36","-88028.87","4536.24","10.41","10938.59","1"
"956","60036.36","60036.36","-87073.88","4536.24","10.32","10949.14","1"
"957","60036.36","60036.36","-86855.75","4536.24","10.42","10959.79","1"
"958","60036.36","60036.36","-86558.89","4536.24","10.28","10970.31","1"
"959","60036.36","60036.36","-86312.95","4536.24","10.35","10980.89","1"
"960","60036.36","60036.36","-88158.62","4536.24","10.29","10991.41","1"
"961","60036.36","60036.36","-89170.92","4536.24","10.40","11002.04","1"
"962","60036.36","60036.36","-87423.95","4536.24","10.24","11012.49","1"
"963","60036.36","60036.36","-88388.96","4536.24","10.29","11023.01","1"
"964","60036.36","60036.36","-87183.57","4536.24","10.29","11033.54","1"
"965","60036.36","60036.36","-88783.20","4536.24","10.27","11044.03","1"
"966","60036.36","60036.36","-88574.30","4536.24","10.27","11054.53","1"
"967","60036.36","60036.36","-86392.05","4536.24","10.31","11065.08","1"
"968","60036.36","60036.36","-88033.98","4536.24","10.32","11075.62","1"
"969","60036.36","60036.36","-86884.38","4536.24","10.28","11086.13","1"
"970","60036.36","60036.36","-87873.74","4536.24","10.30","11096.66","1"
"971","60036.36","60036.36","-86677.03","4536.24","10.28","11107.17","1"
"972","60036.36","60036.36","-86730.91","4536.24","10.33","11117.74","1"
"973","60036.36","60036.36","-87492.47","4536.24","10.38","11128.35","1"
"974","60036.36","60036.36","-88750.23","4536.24","10.37","11138.93","1"
"975","60036.36","60036.36","-86446.69","4536.24","10.44","11149.58","1"
"976","60036.36","60036.36","-86561.18","4536.24","10.35","11160.15","1"
"977","60036.36","60036.36","-87139.97","4536.24","10.27","11170.65","1"
"978","60036.36","60036.36","-85489.73","4536.24","10.29","11181.18","1"
"979","60036.36","60036.36","-87042.09","4536.24","10.35","11191.76","1"
"980","60036.36","60036.36","-88015.16","4536.24","10.30","11202.27","1"
"981","60036.36","60036.36","-88304.02","4536.24","10.27","11212.76","1"
"982","60036.36","60036.36","-86856.89","4536.24","10.33","11223.34","1"
"983","60036.36","60036.36","-86847.82","4536.24","10.28","11233.84","1"
"984","60036.36","60036.36","-87132.05","4536.24","10.30","11244.35","1"
"985","60036.36","60036.36","-87550.20","4536.24","10.28","11254.86","1"
"986","60036.36","60036.36","-89394.56","4536.24","10.30","11265.39","1"
"987","60036.36","60036.36","-87538.62","4536.24","10.39","11276.01","1"
"988","60036.36","60036.36","-86138.44","4536.24","10.37","11286.59","1"
"989","60036.36","60036.36","-87866.14","4536.24","10.30","11297.08","1"
"990","60036.36","60036.36","-86967.53","4536.24","10.56","11307.88","1"
"991","60036.36","60036.36","-87262.84","4536.24","10.43","11318.54","1"
"992","60036.36","60036.36","-88727.65","4536.24","10.24","11328.98","1"
"993","60036.36","60036.36","-87558.05","4536.24","10.34","11339.55","1"
"994","60036.36","60036.36","-84957.32","4536.24","10.29","11350.07","1"
"995","60036.36","60036.36","-89008.17","4536.24","10.29","11360.58","1"
"996","60036.36","60036.36","-87283.85","4536.24","10.27","11371.08","1"
"997","60036.36","60036.36","-88827.02","4536.24","10.33","11381.64","1"
"998","60036.36","60036.36","-88187.20","4536.24","10.29","11392.15","1"
"999","60036.36","60036.36","-84045.55","4536.24","10.34","11402.73","1"
