generation,train_best,train_median,train_worst,val_best,gen_time_s,total_time_s,dm_active
0,7689.88,-10000.00,-89757.80,2758.39,13.72,13.73,0
1,9919.92,-2673.54,-89365.22,4206.49,11.46,25.46,0
2,9919.92,-82.70,-88938.05,4206.49,11.29,37.06,0
3,11592.93,1009.34,-89220.27,4206.49,10.79,48.10,0
4,12151.21,2094.18,-85544.34,4206.49,11.10,59.48,0
5,12151.21,2790.24,-86760.99,4356.48,11.07,70.81,0
6,12816.35,3286.20,-87845.59,5188.38,10.65,81.72,0
7,12816.35,3678.18,-85432.45,5188.38,10.56,92.53,0
8,13797.31,4128.91,-89380.72,5188.38,10.57,103.34,0
9,14144.59,4568.15,-85953.68,5217.81,10.71,114.28,0
10,15457.02,5085.12,-87988.88,6714.62,10.77,125.26,0
11,15457.02,5501.39,-87234.59,6714.62,10.66,136.11,0
12,25569.44,5810.27,-87611.98,6714.62,10.41,146.76,0
13,25569.44,5916.59,-85142.86,6714.62,10.51,157.49,0
14,25569.44,6117.41,-88686.24,6714.62,10.40,168.07,0
15,26181.36,6064.70,-88727.05,6714.62,10.29,178.56,0
16,28559.84,6386.93,-89278.97,6714.62,10.26,189.04,0
17,28559.84,6554.26,-86609.52,6714.62,10.25,199.53,0
18,29622.79,7212.72,-88218.11,7200.00,10.17,209.89,0
19,31248.07,8319.52,-87271.02,6074.50,10.35,220.47,0
20,32679.88,9380.10,-88659.27,6074.50,10.22,230.91,0
21,33674.83,10611.44,-87119.38,6208.68,10.32,241.43,0
22,33674.83,12116.66,-88070.30,6208.68,10.51,252.16,0
23,33674.83,13606.06,-88221.15,6562.77,10.23,262.63,0
24,33674.83,16213.11,-88309.79,6053.70,10.34,273.17,0
25,33674.83,19276.97,-88700.66,6053.70,10.25,283.63,0
26,34652.70,21470.20,-87110.39,6053.70,10.35,294.21,0
27,34652.70,23340.31,-88451.01,6048.63,10.46,304.93,0
28,35408.97,24819.62,-87432.59,5777.63,10.20,315.37,0
29,35408.97,26236.06,-87123.19,5866.36,10.20,325.82,0
30,35524.64,27536.41,-87627.16,5866.36,10.31,336.38,1
31,35961.86,28575.67,-85613.07,5866.36,10.35,346.96,1
32,36259.41,29450.73,-89661.12,5641.96,10.21,357.40,1
33,36572.42,30227.36,-87852.65,5641.96,10.26,367.92,1
34,36733.65,30894.59,-87971.16,5722.21,10.26,378.42,1
35,37196.22,31395.84,-87880.34,5284.61,10.33,388.99,1
36,37775.48,31939.20,-86893.89,5383.05,10.13,399.37,1
37,38638.08,32526.09,-87194.81,5383.05,10.17,409.79,1
38,38638.08,33014.07,-86230.34,5141.15,10.16,420.18,1
39,38638.08,33940.98,-88736.86,5166.59,10.16,430.59,1
40,39019.05,34940.80,-87038.20,5260.46,10.20,441.04,1
41,41126.02,35626.98,-87510.37,5260.46,10.16,451.41,1
42,41126.02,36203.11,-88421.02,5260.46,10.16,461.81,1
43,41126.02,36619.34,-86372.95,5263.56,10.11,472.15,1
44,42080.33,36913.65,-88831.49,5312.47,10.14,482.52,1
45,42310.88,37236.32,-88622.75,5337.93,10.10,492.86,1
46,43235.18,37671.66,-86268.17,5337.93,10.19,503.27,1
47,45813.38,37856.08,-87473.36,5337.93,10.08,513.55,1
48,45813.38,37956.16,-87853.54,5259.20,10.19,523.98,1
49,45813.38,38002.59,-86755.16,5305.91,10.20,534.38,1
50,45813.38,38051.07,-86636.99,5305.91,10.24,544.82,1
51,45813.38,38040.70,-87310.70,5312.47,10.16,555.20,1
52,47989.39,38051.07,-87679.53,5329.55,10.10,565.53,1
53,47989.39,38040.70,-88009.24,5337.93,10.16,575.93,1
54,47989.39,37966.52,-87882.39,5337.93,10.09,586.24,1
55,47989.39,38002.59,-87486.77,5337.93,10.18,596.67,1
56,47989.39,38051.07,-88511.59,5337.93,10.12,607.02,1
57,47989.39,38051.07,-86339.57,5337.93,10.21,617.45,1
58,48024.15,38343.54,-87450.25,5337.93,10.29,627.95,1
59,48024.15,38439.72,-88018.38,5337.93,10.16,638.34,1
60,48024.15,38591.91,-88174.71,5337.93,10.15,648.69,1
61,48024.15,38618.62,-88220.15,5337.93,10.11,659.02,1
62,48636.37,38965.32,-85402.51,5337.93,10.11,669.35,1
63,48770.40,39221.79,-87295.48,5337.93,10.08,679.65,1
64,48895.02,39694.50,-86176.87,5337.93,10.16,690.03,1
65,48895.02,40060.85,-86688.96,5337.93,10.08,700.31,1
66,48922.74,40249.40,-87746.27,5337.93,10.08,710.61,1
67,49176.00,40360.93,-88122.03,5337.93,10.18,721.02,1
68,49372.40,40522.51,-86313.20,5337.93,10.16,731.37,1
69,51152.54,40586.39,-88907.29,5337.93,10.14,741.70,1
70,51152.54,40787.02,-86114.98,5337.93,10.05,751.94,1
71,51152.54,40838.20,-85893.13,5337.93,10.16,762.33,1
72,51159.97,40902.58,-86463.35,5337.93,10.03,772.57,1
73,51511.41,41027.99,-85153.33,5337.93,10.16,782.95,1
74,51511.41,41078.68,-87509.69,5337.93,10.11,793.25,1
75,51511.41,41178.35,-87040.28,5337.93,10.06,803.53,1
76,51511.41,41135.93,-86530.27,5337.93,10.13,813.88,1
77,51568.48,41272.42,-87242.54,5337.93,10.06,824.14,1
78,51799.48,41367.42,-86567.73,5337.93,10.11,834.47,1
79,51799.48,41428.53,-88383.31,5337.93,10.16,844.88,1
80,51827.82,41504.56,-86732.12,5337.93,10.10,855.20,1
81,51827.82,41610.54,-86272.80,5337.93,10.47,865.91,1
82,52120.71,41723.12,-87293.70,5337.93,10.06,876.19,1
83,52120.71,41844.12,-86867.91,5337.93,10.11,886.53,1
84,52120.71,41957.79,-87206.53,5337.93,10.17,896.92,1
85,52120.71,42131.20,-86626.29,5337.93,10.18,907.29,1
86,52120.71,42237.07,-84864.77,5337.93,10.07,917.59,1
87,52369.95,42435.94,-86979.05,5337.93,10.17,927.99,1
88,52541.72,42755.61,-87531.33,5337.93,10.28,938.50,1
89,52780.71,43251.72,-87667.93,5337.93,10.13,948.85,1
90,53511.15,43410.36,-87463.77,5337.93,10.16,959.20,1
91,53511.15,44071.02,-84934.77,5337.93,10.06,969.45,1
92,53511.15,44682.59,-88559.40,5337.93,10.06,979.73,1
93,53511.15,44951.12,-89483.59,5337.93,10.05,990.00,1
94,53511.15,45597.89,-87346.85,5337.93,10.05,1000.27,1
95,53511.15,46131.02,-87346.26,5337.93,10.06,1010.55,1
96,53511.15,46144.61,-87429.93,5337.93,10.05,1020.83,1
97,53511.15,46332.60,-85112.67,5337.93,10.08,1031.13,1
98,53511.15,46539.40,-87902.50,5337.93,10.06,1041.42,1
99,53636.20,46518.43,-88486.98,5337.93,10.09,1051.73,1
100,53636.20,46176.04,-88774.06,5337.93,10.07,1062.03,1
101,53828.82,46548.64,-85580.74,5337.93,10.15,1072.41,1
102,53828.82,46552.66,-87048.02,5337.93,10.09,1082.69,1
103,54188.16,46760.11,-87142.41,5337.93,10.07,1092.96,1
104,54188.16,47231.27,-87457.80,5337.93,10.28,1103.47,1
105,54624.91,47514.64,-89184.48,5337.93,10.05,1113.70,1
106,54824.31,47714.00,-87406.12,5337.93,10.12,1124.05,1
107,54824.31,48171.78,-85942.16,5337.93,10.17,1134.43,1
108,55110.20,48443.48,-87867.36,5337.93,10.08,1144.73,1
109,55566.72,48672.62,-88303.95,5337.93,10.13,1155.09,1
110,55798.27,48934.08,-85702.39,5337.93,10.12,1165.42,1
111,55798.27,49252.20,-86466.38,5337.93,10.07,1175.69,1
112,55798.27,49426.72,-87045.01,5337.93,10.13,1186.04,1
113,55798.27,49691.34,-88716.93,5337.93,10.04,1196.28,1
114,55930.23,50342.46,-87772.10,5337.93,10.05,1206.55,1
115,55930.23,53384.76,-87960.67,5337.93,10.04,1216.81,1
116,56062.98,53513.55,-87020.55,5337.93,10.13,1227.17,1
117,56062.98,53569.73,-86664.79,5337.93,10.12,1237.47,1
118,56134.51,53582.80,-87859.73,5337.93,10.08,1247.74,1
119,56156.14,53562.86,-88507.43,5337.93,10.04,1258.00,1
120,56218.97,53260.10,-86994.50,5337.93,10.06,1268.28,1
121,56254.63,51553.30,-88162.99,5337.93,10.07,1278.58,1
122,56410.49,52697.63,-86028.09,5337.93,10.10,1288.90,1
123,56410.49,55150.11,-87546.60,5337.93,10.09,1299.20,1
124,56501.70,55450.30,-88428.52,5337.93,10.04,1309.43,1
125,56608.36,55768.64,-86185.84,5337.93,10.01,1319.65,1
126,56678.73,55851.48,-85358.35,5337.93,10.04,1329.92,1
127,56678.73,55930.23,-87794.77,5337.93,10.00,1340.14,1
128,56710.91,55950.95,-86981.34,5337.93,10.01,1350.38,1
129,56710.91,55950.95,-86488.40,5337.93,10.01,1360.62,1
130,56710.91,55950.95,-88057.07,5337.93,10.01,1370.86,1
131,56710.91,55930.23,-88288.04,5337.93,10.00,1381.08,1
132,56990.34,55950.95,-86624.90,5337.93,10.03,1391.34,1
133,57014.60,55950.95,-87093.48,5337.93,9.99,1401.55,1
134,57019.39,55950.95,-86672.50,5337.93,9.98,1411.75,1
135,57294.02,55958.34,-86298.99,5337.93,9.98,1421.95,1
136,57323.07,55979.08,-88522.84,5337.93,10.01,1432.18,1
137,57554.61,56209.44,-85842.59,5337.93,10.02,1442.43,1
138,57554.61,56230.37,-88468.48,5337.93,10.09,1452.74,1
139,57554.61,56361.73,-88678.70,5337.93,10.07,1463.01,1
140,57554.61,56710.91,-86506.34,5337.93,10.01,1473.21,1
141,57554.61,56718.31,-88407.34,5337.93,10.02,1483.45,1
142,57623.79,56887.64,-86121.60,5337.93,10.08,1493.76,1
143,57644.74,56990.34,-86634.30,5337.93,10.02,1503.97,1
144,57644.74,56990.34,-88265.49,5337.93,10.11,1514.29,1
145,57927.47,56990.34,-87367.76,5337.93,10.06,1524.55,1
146,57948.42,57007.89,-86705.27,5337.93,10.22,1534.98,1
147,57948.42,57019.39,-87835.92,5337.93,10.01,1545.18,1
148,57948.42,57019.39,-87049.24,5337.93,10.10,1555.51,1
149,57948.42,57042.73,-86713.78,5337.93,10.17,1565.88,1
150,57948.42,57042.73,-87639.64,5337.93,9.99,1576.05,1
151,58179.96,57042.73,-88189.45,4663.70,10.08,1586.36,1
152,58179.96,57192.23,-87090.62,4663.70,10.04,1596.60,1
153,58179.96,57323.07,-87266.20,4663.70,10.05,1606.84,1
154,58179.96,57615.68,-88423.76,4663.70,9.96,1617.00,1
155,58185.28,57644.74,-88148.95,4663.70,10.06,1627.28,1
156,58185.28,57668.08,-84529.39,4663.70,9.94,1637.41,1
157,58185.28,57948.42,-88210.46,4663.70,9.97,1647.61,1
158,58187.57,57948.42,-84148.88,4663.70,9.95,1657.78,1
159,58212.56,57948.42,-88506.72,4663.70,10.16,1668.17,1
160,58212.56,57948.42,-87691.23,4663.70,10.01,1678.35,1
161,58212.56,57948.42,-88935.66,4663.70,10.00,1688.55,1
162,58213.82,58179.96,-89150.09,4663.70,10.04,1698.79,1
163,58213.82,58179.96,-87335.29,4663.70,10.06,1709.04,1
164,58231.82,58179.96,-87821.93,4663.70,10.81,1720.04,1
165,58231.82,58179.96,-88057.62,4663.70,12.94,1733.25,1
166,58231.82,58179.96,-85552.69,4663.70,12.34,1745.91,1
167,58232.38,58179.96,-89142.70,4663.70,10.03,1756.13,1
168,58234.38,58179.96,-85924.26,4663.70,10.05,1766.37,1
169,58237.69,58185.28,-88305.46,4663.70,9.95,1776.51,1
170,58237.93,58185.28,-87054.09,4663.70,10.02,1786.76,1
171,58237.93,58185.28,-88085.23,4663.70,9.97,1796.92,1
172,58262.22,58187.57,-87775.06,4663.70,9.95,1807.10,1
173,58262.22,58192.95,-87877.98,4663.70,10.04,1817.37,1
174,58262.22,58213.04,-87562.93,4663.70,10.02,1827.61,1
175,58262.22,58217.88,-87935.10,4663.70,10.28,1838.11,1
176,58262.22,58219.07,-88347.40,4663.70,9.91,1848.25,1
177,58268.36,58219.13,-87878.70,4663.70,9.93,1858.40,1
178,58268.36,58224.82,-89519.56,4663.70,9.94,1868.55,1
179,58268.36,58231.82,-85962.26,4663.70,10.02,1878.79,1
180,58268.36,58237.13,-89515.01,1656.32,10.01,1889.02,1
181,58268.36,58237.93,-88138.52,1656.32,9.93,1899.14,1
182,58268.36,58243.27,-88045.03,1656.32,9.94,1909.30,1
183,58268.36,58244.07,-85743.69,1656.32,9.95,1919.47,1
184,58268.36,58244.32,-86815.37,1656.32,10.08,1929.77,1
185,58268.36,58256.90,-89625.13,1656.32,10.19,1940.19,1
186,58268.36,58262.22,-89282.44,1656.32,9.99,1950.38,1
187,58268.36,58268.36,-88738.65,1656.32,9.90,1960.47,1
188,58268.36,58268.36,-88423.91,1656.32,9.91,1970.60,1
189,58268.36,58268.36,-86619.72,1656.32,9.93,1980.76,1
190,58268.36,58268.36,-86350.93,1656.32,10.26,1991.25,1
191,58268.36,58268.36,-85992.07,1656.32,10.09,2001.56,1
192,58268.36,58268.36,-85358.48,1656.32,9.98,2011.75,1
193,58268.36,58268.36,-87208.34,1656.32,10.05,2021.99,1
194,58270.79,58268.36,-87724.99,1656.32,10.00,2032.19,1
195,58270.79,58268.36,-87659.41,1656.32,10.11,2042.54,1
196,58270.79,58268.36,-86355.90,1656.32,10.03,2052.81,1
197,58270.79,58268.36,-87147.92,1656.32,9.97,2062.98,1
198,58270.79,58268.36,-88464.22,1656.32,9.97,2073.16,1
199,58270.79,58268.36,-86711.78,1656.32,10.01,2083.40,1
200,58270.79,58268.36,-88521.02,1656.32,10.01,2093.63,1
201,58270.79,58268.36,-88270.14,1656.32,10.02,2103.85,1
202,58270.79,58268.36,-87695.67,1656.32,10.05,2114.10,1
203,58270.79,58268.36,-86289.91,1656.32,9.95,2124.27,1
204,58270.79,58268.36,-85952.58,1656.32,9.93,2134.44,1
205,58270.79,58268.36,-87451.02,1656.32,10.00,2144.66,1
206,58270.79,58270.79,-87052.30,1656.32,9.96,2154.87,1
207,58270.79,58270.79,-85863.26,1656.32,9.97,2165.07,1
208,58270.79,58270.79,-85805.21,1656.32,10.05,2175.36,1
209,58270.79,58270.79,-88254.82,1656.32,10.07,2185.65,1
210,58271.18,58270.79,-86773.79,1656.32,10.05,2195.94,1
211,58271.18,58270.79,-87560.03,1656.32,10.20,2206.35,1
212,58271.18,58270.79,-87934.45,1656.32,16.77,2223.35,1
213,58271.18,58270.79,-86022.68,1656.32,12.99,2237.11,1
214,58271.18,58270.79,-88266.74,1656.32,8.03,2245.33,1
215,58271.18,58270.79,-85163.98,1656.32,8.00,2253.52,1
216,58271.18,58270.79,-87906.93,1656.32,8.04,2261.75,1
217,58271.18,58270.79,-89615.95,1656.32,7.97,2269.89,1
218,58271.18,58270.79,-85970.20,1656.32,7.98,2278.06,1
219,58271.18,58270.79,-87586.80,1656.32,8.02,2286.27,1
220,58271.18,58270.79,-85443.25,1656.32,8.05,2294.50,1
221,58271.18,58271.18,-87354.44,1656.32,8.08,2302.77,1
222,58271.18,58271.18,-88027.64,1656.32,7.99,2310.95,1
223,58271.18,58271.18,-88698.95,1656.32,8.00,2319.14,1
224,58271.18,58271.18,-85883.17,1656.32,7.99,2327.32,1
225,58271.18,58271.18,-88034.73,1656.32,7.99,2335.50,1
226,58271.18,58271.18,-87973.03,1656.32,8.01,2343.71,1
227,58271.18,58271.18,-88911.95,1656.32,8.03,2351.92,1
228,58271.18,58271.18,-87319.29,1656.32,7.96,2360.07,1
229,58271.18,58271.18,-88246.40,1656.32,7.97,2368.23,1
230,58271.18,58271.18,-87743.78,1656.32,7.96,2376.38,1
231,58271.18,58271.18,-87176.42,1656.32,7.97,2384.54,1
232,58271.18,58271.18,-86328.45,1656.32,8.01,2392.74,1
233,58271.18,58271.18,-87665.67,1656.32,7.96,2400.88,1
234,58271.18,58271.18,-85340.58,1656.32,7.99,2409.06,1
235,58271.18,58271.18,-88650.47,1656.32,8.07,2417.33,1
236,58271.18,58271.18,-86599.48,1656.32,8.06,2425.57,1
237,58271.18,58271.18,-88138.09,1656.32,8.12,2433.89,1
238,58271.18,58271.18,-86258.47,1656.32,8.10,2442.18,1
239,58271.18,58271.18,-86328.72,1656.32,8.11,2450.48,1
240,58271.18,58271.18,-85792.90,1656.32,8.11,2458.78,1
241,58271.18,58271.18,-88986.36,1656.32,8.12,2467.09,1
242,58271.18,58271.18,-87898.36,1656.32,8.14,2475.43,1
243,58271.18,58271.18,-87194.89,1656.32,8.38,2484.01,1
244,58271.18,58271.18,-86780.55,1656.32,8.14,2492.34,1
245,58271.18,58271.18,-87326.19,1656.32,8.12,2500.65,1
246,58271.18,58271.18,-87970.17,1656.32,8.12,2508.96,1
247,58271.18,58271.18,-85153.94,1656.32,8.13,2517.29,1
248,58271.18,58271.18,-89800.60,1656.32,8.26,2525.74,1
249,58271.18,58271.18,-88766.55,1656.32,8.22,2534.14,1
250,58271.18,58271.18,-87455.41,1656.32,8.29,2542.63,1
251,58271.18,58271.18,-84576.59,1470.57,8.25,2551.07,1
252,58271.18,58271.18,-86320.34,1656.32,8.33,2559.60,1
253,58271.18,58271.18,-86852.38,1656.32,8.42,2568.21,1
254,58271.18,58271.18,-86247.20,1656.32,8.61,2577.01,1
255,58271.18,58271.18,-88278.62,1656.32,8.68,2585.87,1
256,58271.18,58271.18,-87598.24,1656.32,8.91,2594.99,1
257,58271.18,58271.18,-87819.92,1656.32,9.15,2604.34,1
258,58271.18,58271.18,-88032.56,1656.32,9.37,2613.92,1
259,58271.18,58271.18,-87058.19,1656.32,9.73,2623.86,1
260,58271.18,58271.18,-86731.08,1470.57,9.55,2633.59,1
261,58271.18,58271.18,-85767.73,1656.32,9.74,2643.54,1
262,58271.18,58271.18,-86684.26,1656.32,9.60,2653.33,1
263,58271.18,58271.18,-84197.55,1656.32,9.56,2663.11,1
264,58271.18,58271.18,-87217.12,1656.32,9.55,2672.87,1
265,58271.18,58271.18,-85534.16,1656.32,9.58,2682.67,1
266,58271.18,58271.18,-87169.80,1656.32,9.58,2692.46,1
267,58271.18,58271.18,-87857.62,1470.57,9.57,2702.25,1
268,58271.18,58271.18,-87266.91,1656.32,9.63,2712.09,1
269,58271.18,58271.18,-85265.18,1656.32,9.58,2721.88,1
270,58271.18,58271.18,-87245.65,1656.32,9.74,2731.83,1
271,58271.18,58271.18,-86825.60,1656.32,9.78,2741.83,1
272,58271.18,58271.18,-85199.44,1656.32,9.57,2751.60,1
273,58276.84,58271.18,-86285.62,1656.32,9.58,2761.38,1
274,58276.84,58271.18,-87623.59,1470.57,9.60,2771.19,1
275,58276.84,58271.18,-85927.48,1656.32,9.56,2780.97,1
276,58276.84,58271.18,-86357.20,1656.32,9.57,2790.75,1
277,58276.84,58271.18,-87354.58,1656.32,9.60,2800.57,1
278,58276.84,58271.18,-85298.62,1656.32,9.60,2810.38,1
279,58276.84,58271.18,-88234.91,1656.32,9.62,2820.21,1
280,58276.84,58271.18,-86805.32,1470.57,9.84,2830.27,1
281,58276.84,58271.18,-89322.06,1470.57,9.60,2840.05,1
282,58276.84,58271.18,-88460.06,1656.32,9.59,2849.86,1
283,58276.84,58271.18,-86740.62,1656.32,9.63,2859.70,1
284,58276.84,58271.18,-88660.29,1656.32,9.57,2869.47,1
285,58276.84,58276.84,-87718.26,1656.32,9.57,2879.25,1
286,58276.84,58276.84,-86959.27,1656.32,9.56,2889.02,1
287,58276.84,58276.84,-87836.06,1656.32,9.62,2898.86,1
288,58276.84,58276.84,-87585.94,1656.32,9.55,2908.60,1
289,58276.84,58276.84,-87153.94,1656.32,9.58,2918.39,1
290,58276.84,58276.84,-88199.61,1656.32,9.54,2928.13,1
291,58276.84,58276.84,-87894.04,1470.57,9.57,2937.91,1
292,58276.84,58276.84,-87992.46,1656.32,9.59,2947.72,1
293,58276.84,58276.84,-88605.26,1470.57,9.54,2957.46,1
294,58276.84,58276.84,-88879.65,1656.32,9.53,2967.20,1
295,58276.84,58276.84,-87765.38,1656.32,9.51,2976.92,1
296,58276.84,58276.84,-88717.48,1477.56,9.48,2986.61,1
297,58276.84,58276.84,-89090.12,1656.32,9.48,2996.30,1
298,58276.84,58276.84,-86452.19,1470.57,9.50,3006.02,1
299,58276.84,58276.84,-88457.31,1656.32,9.51,3015.74,1
300,58276.84,58276.84,-86739.93,1656.32,9.52,3025.47,1
301,58276.84,58276.84,-84643.14,1470.57,9.56,3035.24,1
302,58276.84,58276.84,-87544.47,1656.32,9.54,3044.99,1
303,58276.84,58276.84,-86808.49,1656.32,9.54,3054.75,1
304,58276.84,58276.84,-88021.02,1470.57,9.60,3064.56,1
305,58276.84,58276.84,-88809.39,1656.32,9.59,3074.36,1
306,58276.84,58276.84,-85340.74,1656.32,9.66,3084.26,1
307,58276.84,58276.84,-88158.30,1470.57,9.63,3094.10,1
308,58276.84,58276.84,-85451.42,1470.57,9.64,3103.97,1
309,58276.84,58276.84,-85623.38,1470.57,9.80,3113.98,1
310,58276.84,58276.84,-84160.02,1656.32,9.70,3123.86,1
311,58276.84,58276.84,-86670.37,1470.57,9.60,3133.65,1
312,58276.84,58276.84,-85981.20,1470.57,9.59,3143.46,1
313,58276.84,58276.84,-87273.65,1470.57,9.56,3153.22,1
314,58276.84,58276.84,-89676.97,1656.32,9.54,3162.98,1
315,58276.84,58276.84,-84950.94,1656.32,9.54,3172.74,1
316,58276.84,58276.84,-86982.39,1656.32,9.57,3182.53,1
317,58276.84,58276.84,-87335.90,1470.57,9.54,3192.28,1
318,58276.84,58276.84,-88426.23,1470.57,9.53,3202.02,1
319,58276.84,58276.84,-87555.28,1656.32,9.52,3211.75,1
320,58276.84,58276.84,-86996.02,1470.57,9.55,3221.51,1
321,58276.84,58276.84,-86739.34,1656.32,9.53,3231.26,1
322,58276.84,58276.84,-87611.40,1656.32,9.56,3241.03,1
323,58276.84,58276.84,-86621.48,1470.57,9.58,3250.83,1
324,58276.84,58276.84,-89043.25,1656.32,9.57,3260.61,1
325,58276.84,58276.84,-86399.86,1470.57,9.61,3270.43,1
326,58276.84,58276.84,-88855.71,1470.57,9.58,3280.21,1
327,58276.84,58276.84,-87895.16,1491.68,9.62,3290.05,1
328,58276.84,58276.84,-86949.60,1656.32,9.64,3299.89,1
329,58276.84,58276.84,-88056.78,1470.57,9.69,3309.79,1
330,58276.84,58276.84,-84734.45,1489.12,9.78,3319.78,1
331,58276.84,58276.84,-88207.59,1470.57,10.03,3330.03,1
332,58276.84,58276.84,-89400.26,1470.57,9.78,3340.00,1
333,58276.84,58276.84,-88182.58,1656.32,9.71,3349.90,1
334,58276.84,58276.84,-87068.12,1656.32,9.88,3359.99,1
335,58276.84,58276.84,-89239.90,1470.57,9.77,3369.93,1
336,58276.84,58276.84,-88232.98,1656.32,9.74,3379.87,1
337,58276.84,58276.84,-87548.20,1656.32,9.77,3389.86,1
338,58276.84,58276.84,-86555.52,1491.68,9.74,3399.79,1
339,58276.84,58276.84,-89263.15,1470.57,9.68,3409.69,1
340,58276.84,58276.84,-87577.25,1656.32,9.76,3419.66,1
341,58276.84,58276.84,-87907.09,1470.57,9.72,3429.58,1
342,58276.84,58276.84,-87063.35,1489.08,9.67,3439.46,1
343,58276.84,58276.84,-87073.52,1470.57,9.67,3449.35,1
344,58276.84,58276.84,-88218.43,1656.32,9.66,3459.22,1
345,58276.84,58276.84,-86754.87,1481.62,9.64,3469.08,1
346,58276.84,58276.84,-86461.44,1470.57,9.71,3479.01,1
347,58276.84,58276.84,-87129.66,1481.62,9.64,3488.85,1
348,58276.84,58276.84,-84208.73,1470.57,9.71,3498.78,1
349,58276.84,58276.84,-84019.16,1478.50,9.68,3508.66,1
350,58276.84,58276.84,-87012.96,1656.32,9.70,3518.57,1
351,58276.84,58276.84,-86783.68,1656.32,9.71,3528.49,1
352,58276.84,58276.84,-89019.91,1470.57,9.73,3538.43,1
353,58276.84,58276.84,-87272.41,1656.32,9.86,3548.51,1
354,58276.84,58276.84,-88366.23,1656.32,9.80,3558.51,1
355,58276.84,58276.84,-88678.92,1656.32,9.80,3568.51,1
356,58276.84,58276.84,-87860.61,1656.32,9.77,3578.47,1
357,58276.84,58276.84,-87708.16,1656.32,9.78,3588.44,1
358,58276.84,58276.84,-87777.27,1656.32,9.79,3598.42,1
359,58276.84,58276.84,-88741.09,1656.32,9.92,3608.55,1
360,58276.84,58276.84,-88231.31,1656.32,9.71,3618.45,1
361,58276.84,58276.84,-87907.95,1656.32,9.95,3628.61,1
362,58276.84,58276.84,-87008.73,1656.32,10.20,3639.01,1
363,58276.84,58276.84,-86552.62,1470.57,9.70,3648.89,1
364,58276.84,58276.84,-87130.78,1656.32,9.72,3658.84,1
365,58276.84,58276.84,-89635.48,1656.32,9.75,3668.81,1
366,58276.84,58276.84,-86663.27,1656.32,9.74,3678.77,1
367,58276.84,58276.84,-86829.11,1656.32,9.78,3688.76,1
368,58276.84,58276.84,-88173.72,1656.32,9.76,3698.74,1
369,58276.84,58276.84,-87981.50,1470.57,9.77,3708.74,1
370,58276.84,58276.84,-88880.44,1656.32,9.80,3718.76,1
371,58276.84,58276.84,-87481.84,1656.32,9.88,3728.84,1
372,58276.84,58276.84,-87835.83,1470.57,9.96,3739.02,1
373,58276.84,58276.84,-88067.99,1656.32,9.79,3749.04,1
374,58276.84,58276.84,-87360.67,1656.32,9.77,3759.03,1
375,58276.84,58276.84,-87060.69,1470.57,9.74,3769.00,1
376,58276.84,58276.84,-87977.70,1470.57,9.80,3779.02,1
377,58276.84,58276.84,-85576.16,1656.32,9.79,3789.00,1
378,58276.84,58276.84,-88361.02,1470.57,9.73,3798.95,1
379,58276.84,58276.84,-86431.27,1656.32,9.74,3808.91,1
380,58276.84,58276.84,-87447.47,1656.32,9.76,3818.89,1
381,58276.84,58276.84,-85184.08,1656.32,9.85,3828.95,1
382,58276.84,58276.84,-87701.59,1656.32,9.81,3838.97,1
383,58276.84,58276.84,-87100.98,1470.57,10.18,3849.38,1
384,58276.84,58276.84,-88955.94,1656.32,9.80,3859.40,1
385,58276.84,58276.84,-89127.00,1486.42,9.81,3869.44,1
386,58276.84,58276.84,-88163.34,1470.57,9.83,3879.48,1
387,58276.84,58276.84,-84110.13,1470.57,9.90,3889.61,1
388,58276.84,58276.84,-87113.61,1470.57,9.93,3899.74,1
389,58276.84,58276.84,-86862.05,1470.57,10.02,3909.98,1
390,58276.84,58276.84,-86458.02,1470.57,9.86,3920.06,1
391,58276.84,58276.84,-85373.58,1470.57,9.81,3930.09,1
392,58276.84,58276.84,-87991.95,1477.84,9.77,3940.08,1
393,58276.84,58276.84,-87669.94,1656.32,9.93,3950.22,1
394,58276.84,58276.84,-88295.77,1470.57,9.84,3960.28,1
395,58276.84,58276.84,-86303.13,1470.57,9.88,3970.39,1
396,58276.84,58276.84,-86489.95,1470.57,9.80,3980.41,1
397,58276.84,58276.84,-87186.96,1473.33,9.89,3990.52,1
398,58276.84,58276.84,-85135.98,1470.57,9.78,4000.52,1
399,58276.84,58276.84,-88647.02,1656.32,9.75,4010.48,1
400,58276.84,58276.84,-85977.48,1656.32,9.69,4020.37,1
401,58276.84,58276.84,-85907.75,1470.57,9.76,4030.34,1
402,58276.84,58276.84,-85962.85,1656.32,9.69,4040.23,1
403,58276.84,58276.84,-86285.88,1656.32,9.88,4050.31,1
404,58276.84,58276.84,-89432.59,1470.57,9.72,4060.23,1
405,58276.84,58276.84,-87697.80,1656.32,9.67,4070.11,1
406,58276.84,58276.84,-86013.53,1470.57,9.72,4080.05,1
407,58276.84,58276.84,-87257.07,1470.57,9.66,4089.93,1
408,58276.84,58276.84,-87214.79,1656.32,9.73,4099.88,1
409,58276.84,58276.84,-86673.22,1656.32,9.93,4110.03,1
410,58276.84,58276.84,-84482.66,1470.57,9.63,4119.85,1
411,58276.84,58276.84,-85833.72,1470.57,9.63,4129.70,1
412,58277.75,58276.84,-87072.84,1656.32,9.66,4139.58,1
413,58277.75,58276.84,-84614.55,1470.57,9.64,4149.43,1
414,58277.75,58276.84,-86829.29,1470.57,9.75,4159.38,1
415,58277.75,58276.84,-88014.84,1656.32,9.57,4169.17,1
416,58277.75,58276.84,-86422.95,1656.32,9.55,4178.93,1
417,58277.75,58276.84,-86057.07,1656.32,9.55,4188.69,1
418,58277.75,58276.84,-87983.21,1656.32,9.59,4198.50,1
419,58277.75,58276.84,-87090.36,1656.32,9.55,4208.26,1
420,58277.75,58276.84,-86211.30,1480.66,9.57,4218.04,1
421,58277.75,58276.84,-87831.71,1480.66,9.65,4227.90,1
422,58277.75,58276.84,-85817.52,1470.57,9.55,4237.67,1
423,58277.75,58276.84,-87913.47,1470.57,9.57,4247.45,1
424,58277.75,58276.84,-84742.45,1468.19,9.57,4257.23,1
425,58277.75,58276.84,-87795.27,1468.19,9.59,4267.03,1
426,58278.92,58276.84,-87674.67,1468.71,9.64,4276.88,1
427,58278.92,58276.84,-89984.84,1469.61,9.62,4286.70,1
428,58278.92,58276.84,-86269.80,1653.93,9.63,4296.55,1
429,58278.92,58277.75,-86660.88,1469.61,9.65,4306.41,1
430,58279.93,58277.75,-87821.07,1469.61,9.68,4316.31,1
431,58279.93,58277.75,-84877.88,1469.61,9.71,4326.23,1
432,58279.93,58277.75,-88530.29,1654.46,9.63,4336.05,1
433,58279.93,58277.75,-88082.57,1654.46,9.66,4345.92,1
434,58279.93,58277.75,-86974.96,1654.46,9.65,4355.78,1
435,58279.93,58277.75,-85061.77,1654.46,9.61,4365.59,1
436,58279.93,58277.75,-87834.60,1469.24,9.60,4375.40,1
437,58279.93,58278.92,-87596.22,1469.24,9.60,4385.20,1
438,58279.93,58278.92,-86818.99,1469.24,9.64,4395.05,1
439,58279.93,58278.92,-87512.71,1654.99,9.57,4404.83,1
440,58279.93,58278.92,-88475.93,1654.99,9.60,4414.65,1
441,58279.93,58279.93,-87733.75,1474.30,9.55,4424.40,1
442,58279.93,58279.93,-87057.85,1469.24,9.54,4434.15,1
443,58279.93,58279.93,-87969.27,1654.99,9.56,4443.92,1
444,58279.93,58279.93,-87590.88,1654.99,9.57,4453.70,1
445,58279.93,58279.93,-87525.31,1469.24,9.51,4463.42,1
446,58279.93,58279.93,-88052.48,1485.37,9.50,4473.12,1
447,58279.93,58279.93,-87794.39,1654.99,9.52,4482.85,1
448,58279.93,58279.93,-88709.90,1469.24,9.51,4492.57,1
449,58279.93,58279.93,-86178.19,1654.99,9.51,4502.30,1
450,58279.93,58279.93,-87753.38,1469.24,9.52,4512.03,1
451,58279.93,58279.93,-86912.68,1469.24,9.55,4521.79,1
452,58279.93,58279.93,-89655.62,1469.24,9.68,4531.69,1
453,58279.93,58279.93,-88603.95,1654.99,9.75,4541.65,1
454,58279.93,58279.93,-86336.80,1469.24,9.56,4551.42,1
455,58279.93,58279.93,-87881.20,1469.24,9.66,4561.30,1
456,58279.93,58279.93,-83390.23,1654.99,9.57,4571.05,1
457,58279.93,58279.93,-87835.59,1654.99,9.62,4580.89,1
458,58279.93,58279.93,-86591.97,1654.99,9.59,4590.69,1
459,58279.93,58279.93,-86625.35,1654.99,9.56,4600.47,1
460,58279.93,58279.93,-88182.73,1476.23,9.58,4610.26,1
461,58279.93,58279.93,-85924.37,1654.99,9.54,4620.01,1
462,58279.93,58279.93,-87046.95,1469.24,9.56,4629.78,1
463,58279.93,58279.93,-86275.14,1654.99,9.71,4639.71,1
464,58279.93,58279.93,-87587.69,1469.24,9.54,4649.43,1
465,58279.93,58279.93,-87376.62,1469.24,9.53,4659.17,1
466,58279.93,58279.93,-88576.39,1469.24,9.53,4668.91,1
467,58279.93,58279.93,-86960.44,1654.99,9.51,4678.63,1
468,58279.93,58279.93,-85339.02,1654.99,9.49,4688.33,1
469,58279.93,58279.93,-88859.54,1469.24,9.51,4698.04,1
470,58279.93,58279.93,-88262.81,1654.99,9.53,4707.79,1
471,58279.93,58279.93,-87018.41,1654.99,9.52,4717.52,1
472,58279.93,58279.93,-88542.97,1654.99,9.54,4727.28,1
473,58279.93,58279.93,-88498.21,1654.99,9.57,4737.05,1
474,58279.93,58279.93,-87001.73,1469.24,9.62,4746.89,1
475,58279.93,58279.93,-87263.57,1654.99,9.76,4756.85,1
476,58279.93,58279.93,-85815.25,1654.99,9.62,4766.67,1
477,58279.93,58279.93,-88297.71,1482.84,9.59,4776.47,1
478,58279.93,58279.93,-89639.75,1654.99,9.76,4786.44,1
479,58279.93,58279.93,-86301.98,1654.99,9.70,4796.32,1
480,58279.93,58279.93,-85193.00,1482.84,9.82,4806.34,1
481,58279.93,58279.93,-87154.12,1469.24,9.65,4816.18,1
482,58279.93,58279.93,-87671.98,1469.24,9.63,4826.03,1
483,58279.93,58279.93,-86442.45,1469.24,9.64,4835.88,1
484,58279.93,58279.93,-87843.15,1469.24,9.65,4845.74,1
485,58279.93,58279.93,-87799.96,1469.24,9.63,4855.58,1
486,58279.93,58279.93,-85250.01,1654.99,9.62,4865.42,1
487,58279.93,58279.93,-86681.79,1469.24,9.62,4875.26,1
488,58279.93,58279.93,-88710.70,1469.24,9.62,4885.09,1
489,58279.93,58279.93,-88565.16,1469.24,9.59,4894.88,1
490,58279.93,58279.93,-86936.15,1469.24,9.59,4904.69,1
491,58279.93,58279.93,-87717.71,1469.24,9.56,4914.47,1
492,58279.93,58279.93,-89565.09,1654.99,9.62,4924.30,1
493,58279.93,58279.93,-87776.49,1654.99,9.58,4934.08,1
494,58279.93,58279.93,-87940.69,1469.24,9.78,4944.06,1
495,58279.93,58279.93,-85148.16,1654.99,9.53,4953.77,1
496,58279.93,58279.93,-86764.33,1469.24,9.56,4963.55,1
497,58279.93,58279.93,-88913.45,1469.24,9.51,4973.26,1
498,58279.93,58279.93,-85216.17,1654.99,9.52,4982.98,1
499,58279.93,58279.93,-87087.95,1469.24,9.57,4992.77,1
500,58279.93,58279.93,-88407.12,1654.99,9.54,5002.51,1
501,58279.93,58279.93,-86636.27,1654.99,9.55,5012.27,1
502,58279.93,58279.93,-87176.40,1654.99,9.59,5022.06,1
503,58279.93,58279.93,-88486.91,1469.24,9.57,5031.84,1
504,58279.93,58279.93,-86990.73,1654.99,9.68,5041.73,1
505,58279.93,58279.93,-85461.81,1654.99,9.60,5051.52,1
506,58279.93,58279.93,-85270.03,1654.99,9.69,5061.42,1
507,58279.93,58279.93,-88596.96,1654.99,9.64,5071.26,1
508,58279.93,58279.93,-85844.98,1469.24,9.69,5081.16,1
509,58279.93,58279.93,-86918.15,1469.24,9.69,5091.05,1
510,58279.93,58279.93,-86275.01,1469.24,9.73,5100.99,1
511,58279.93,58279.93,-87317.98,1654.99,9.70,5110.90,1
512,58279.93,58279.93,-85606.88,1472.39,9.76,5120.87,1
513,58279.93,58279.93,-85628.41,1654.99,9.83,5130.92,1
514,58279.93,58279.93,-86244.74,1469.24,9.73,5140.87,1
515,58279.93,58279.93,-87468.67,1654.99,9.68,5150.74,1
516,58279.93,58279.93,-88049.15,1469.24,9.73,5160.68,1
517,58279.93,58279.93,-85695.59,1654.99,9.69,5170.56,1
518,58279.93,58279.93,-87207.38,1654.99,9.65,5180.43,1
519,58279.93,58279.93,-86812.77,1484.77,9.67,5190.32,1
520,58279.93,58279.93,-87407.98,1484.77,9.67,5200.18,1
521,58279.93,58279.93,-87991.59,1469.24,9.65,5210.02,1
522,58279.93,58279.93,-89237.93,1654.99,9.60,5219.83,1
523,58279.93,58279.93,-86208.76,1654.99,9.59,5229.63,1
524,58279.93,58279.93,-88453.51,1489.31,9.63,5239.48,1
525,58279.93,58279.93,-88404.14,1469.24,9.62,5249.30,1
526,58279.93,58279.93,-86482.84,1654.99,9.63,5259.14,1
527,58279.93,58279.93,-86175.45,1654.99,9.66,5269.02,1
528,58279.93,58279.93,-86701.11,1469.24,9.70,5278.92,1
529,58279.93,58279.93,-88355.13,1654.99,9.67,5288.80,1
530,58279.93,58279.93,-87796.17,1469.24,9.68,5298.70,1
531,58279.93,58279.93,-87465.57,1654.99,9.71,5308.62,1
532,58279.93,58279.93,-83649.59,1654.99,9.76,5318.59,1
533,58279.93,58279.93,-87270.04,1654.99,9.78,5328.57,1
534,58279.93,58279.93,-85432.76,1469.24,9.76,5338.53,1
535,58279.93,58279.93,-89125.59,1469.24,9.72,5348.44,1
536,58279.93,58279.93,-87629.50,1654.99,9.72,5358.39,1
537,58279.93,58279.93,-89001.95,1654.99,9.86,5368.46,1
538,58279.93,58279.93,-86705.21,1654.99,9.68,5378.33,1
539,58279.93,58279.93,-88523.62,1654.99,9.70,5388.24,1
540,58279.93,58279.93,-85789.69,1654.99,9.70,5398.16,1
541,58279.93,58279.93,-86587.89,1654.99,9.68,5408.05,1
542,58279.93,58279.93,-85873.34,1654.99,9.70,5417.96,1
543,58279.93,58279.93,-87491.34,1469.24,9.71,5427.88,1
544,58279.93,58279.93,-86585.43,1654.99,9.94,5438.02,1
545,58279.93,58279.93,-86897.12,1654.99,9.64,5447.87,1
546,58279.93,58279.93,-86435.46,1654.99,9.64,5457.72,1
547,58279.93,58279.93,-87374.41,1654.99,9.62,5467.55,1
548,58279.93,58279.93,-85798.73,1654.99,9.67,5477.44,1
549,58279.93,58279.93,-87207.34,1654.99,9.61,5487.25,1
550,58279.93,58279.93,-88511.30,1654.99,9.59,5497.03,1
551,58279.93,58279.93,-88276.37,1654.99,9.62,5506.86,1
552,58279.93,58279.93,-88984.55,1654.99,9.67,5516.74,1
553,58279.93,58279.93,-85115.73,1654.99,9.72,5526.67,1
554,58279.93,58279.93,-87170.63,1654.99,10.08,5536.96,1
555,58279.93,58279.93,-86712.80,1654.99,9.76,5546.90,1
556,58279.93,58279.93,-88120.12,1654.99,9.71,5556.83,1
557,58279.93,58279.93,-86614.58,1654.99,9.72,5566.76,1
558,58279.93,58279.93,-88382.52,1654.99,9.73,5576.72,1
559,58279.93,58279.93,-88148.19,1654.99,9.76,5586.70,1
560,58279.93,58279.93,-86644.06,1654.99,9.75,5596.67,1
561,58279.93,58279.93,-87876.88,1654.99,9.77,5606.66,1
562,58279.93,58279.93,-86803.55,1654.99,9.71,5616.56,1
563,58279.93,58279.93,-87559.36,1469.24,9.70,5626.48,1
564,58279.93,58279.93,-87048.99,1654.99,9.74,5636.45,1
565,58279.93,58279.93,-86019.78,1469.24,9.71,5646.35,1
566,58279.93,58279.93,-87498.49,1654.99,9.75,5656.31,1
567,58279.93,58279.93,-87670.80,1654.99,9.80,5666.31,1
568,58279.93,58279.93,-87919.85,1469.24,9.69,5676.22,1
569,58279.93,58279.93,-85027.16,1654.99,9.68,5686.11,1
570,58279.93,58279.93,-87450.19,1654.99,9.63,5695.94,1
571,58279.93,58279.93,-88076.55,1654.99,9.63,5705.78,1
572,58279.93,58279.93,-88473.27,1654.99,9.63,5715.63,1
573,58279.93,58279.93,-85866.13,1654.99,9.59,5725.43,1
574,58279.93,58279.93,-86832.98,1654.99,9.61,5735.26,1
575,58279.93,58279.93,-86562.55,1654.99,9.60,5745.07,1
576,58279.93,58279.93,-85604.05,1654.99,9.58,5754.86,1
577,58279.93,58279.93,-86386.13,1654.99,9.73,5764.81,1
578,58279.93,58279.93,-86329.45,1654.99,9.66,5774.66,1
579,58279.93,58279.93,-89865.30,1654.99,9.62,5784.49,1
580,58279.93,58279.93,-88876.22,1654.99,9.59,5794.29,1
581,58279.93,58279.93,-86591.22,1654.99,9.58,5804.09,1
582,58279.93,58279.93,-88433.84,1654.99,9.59,5813.90,1
583,58279.93,58279.93,-85427.99,1654.99,9.60,5823.71,1
584,58279.93,58279.93,-87037.65,1654.99,9.73,5833.66,1
585,58279.93,58279.93,-88696.54,1654.99,9.66,5843.51,1
586,58279.93,58279.93,-87094.86,1654.99,9.79,5853.53,1
587,58279.93,58279.93,-86449.77,1654.99,9.72,5863.45,1
588,58279.93,58279.93,-88306.29,1654.99,9.76,5873.43,1
589,58279.93,58279.93,-88569.83,1654.99,9.91,5883.53,1
590,58279.93,58279.93,-88721.64,1654.99,9.73,5893.44,1
591,58279.93,58279.93,-87060.80,1654.99,9.72,5903.36,1
592,58279.93,58279.93,-88522.01,1654.99,9.67,5913.25,1
593,58279.93,58279.93,-89414.23,1654.99,9.76,5923.23,1
594,58279.93,58279.93,-87544.90,1654.99,9.69,5933.13,1
595,58279.93,58279.93,-85320.69,1654.99,9.68,5943.01,1
596,58279.93,58279.93,-86250.06,1654.99,9.63,5952.85,1
597,58279.93,58279.93,-86010.22,1654.99,9.80,5962.87,1
598,58279.93,58279.93,-85604.69,1654.99,9.89,5972.99,1
599,58279.93,58279.93,-87904.41,1654.99,9.82,5983.03,1
600,58279.93,58279.93,-87133.09,1654.99,9.62,5992.86,1
601,58279.93,58279.93,-87515.27,1654.99,9.65,6002.73,1
602,58279.93,58279.93,-87624.79,1654.99,9.63,6012.57,1
603,58279.93,58279.93,-85350.56,1654.99,9.74,6022.53,1
604,58279.93,58279.93,-88197.65,1654.99,9.97,6032.71,1
605,58279.93,58279.93,-86479.76,1654.99,9.69,6042.59,1
606,58279.93,58279.93,-88099.84,1654.99,9.66,6052.47,1
607,58279.93,58279.93,-86014.43,1654.99,9.69,6062.37,1
608,58279.93,58279.93,-87284.04,1654.99,9.75,6072.33,1
609,58279.93,58279.93,-86995.77,1654.99,9.77,6082.29,1
610,58279.93,58279.93,-87894.91,1654.99,9.70,6092.19,1
611,58279.93,58279.93,-88162.74,1654.99,9.81,6102.22,1
612,58279.93,58279.93,-87973.68,1654.99,9.72,6112.14,1
613,58279.93,58279.93,-87152.46,1654.99,9.73,6122.09,1
614,58279.93,58279.93,-88842.19,1654.99,9.80,6132.11,1
615,58279.93,58279.93,-86349.43,1654.99,9.81,6142.12,1
616,58280.04,58279.93,-85927.93,1654.99,9.70,6152.02,1
617,58280.04,58279.93,-86403.44,1654.99,9.76,6162.00,1
618,58280.04,58279.93,-88732.53,1654.99,9.66,6171.86,1
619,58280.04,58279.93,-87965.05,1654.99,9.68,6181.76,1
620,58280.04,58279.93,-86693.48,1654.99,9.71,6191.68,1
621,58280.04,58279.93,-86378.80,1654.99,9.66,6201.53,1
622,58280.04,58279.93,-86993.88,1654.99,9.65,6211.40,1
623,58280.04,58279.93,-88226.53,1469.35,9.70,6221.31,1
624,58280.04,58279.93,-86874.48,1655.10,9.61,6231.11,1
625,58280.04,58279.93,-85511.80,1655.10,9.64,6240.97,1
626,58280.04,58279.93,-84204.10,1655.10,9.61,6250.80,1
627,58280.04,58280.04,-86097.61,1655.10,9.63,6260.64,1
628,58280.04,58280.04,-86162.80,1655.10,9.59,6270.44,1
629,58280.04,58280.04,-85035.86,1469.35,9.56,6280.21,1
630,58280.04,58280.04,-88282.18,1655.10,9.57,6289.99,1
631,58280.04,58280.04,-86806.17,1655.10,9.55,6299.76,1
632,58280.04,58280.04,-86495.02,1655.10,9.54,6309.52,1
633,58280.04,58280.04,-85868.51,1655.10,9.59,6319.32,1
634,58280.04,58280.04,-86558.98,1655.10,9.59,6329.12,1
635,58280.04,58280.04,-86387.65,1655.10,9.87,6339.21,1
636,58280.04,58280.04,-88849.09,1655.10,9.59,6349.01,1
637,58280.04,58280.04,-84828.79,1655.10,9.64,6358.87,1
638,58280.04,58280.04,-87818.84,1655.10,9.69,6368.75,1
639,58280.04,58280.04,-88002.12,1655.10,9.66,6378.61,1
640,58280.04,58280.04,-89188.02,1655.10,9.85,6388.68,1
641,58280.04,58280.04,-88520.77,1655.10,9.68,6398.53,1
642,58280.04,58280.04,-88550.94,1655.10,9.66,6408.41,1
643,58280.04,58280.04,-86052.21,1655.10,9.75,6418.38,1
644,58280.04,58280.04,-86001.14,1655.10,9.71,6428.28,1
645,58280.04,58280.04,-86516.16,1655.10,9.66,6438.16,1
646,58280.04,58280.04,-86164.86,1655.10,9.65,6448.03,1
647,58280.04,58280.04,-88811.44,1655.10,9.66,6457.89,1
648,58280.04,58280.04,-86250.43,1655.10,9.62,6467.73,1
649,58280.04,58280.04,-87144.34,1655.10,9.67,6477.61,1
650,58280.04,58280.04,-88751.73,1655.10,9.62,6487.44,1
651,58280.04,58280.04,-88528.43,1655.10,9.61,6497.26,1
652,58280.04,58280.04,-87462.34,1655.10,9.64,6507.11,1
653,58280.04,58280.04,-87130.79,1655.10,9.64,6516.94,1
654,58280.04,58280.04,-84815.59,1655.10,9.58,6526.73,1
655,58280.04,58280.04,-89847.76,1655.10,9.76,6536.69,1
656,58280.04,58280.04,-88496.16,1655.10,9.57,6546.45,1
657,58280.04,58280.04,-87659.17,1655.10,9.62,6556.28,1
658,58280.04,58280.04,-87332.14,1655.10,9.58,6566.07,1
659,58280.04,58280.04,-85961.23,1655.10,9.72,6576.00,1
660,58280.04,58280.04,-86608.13,1655.10,9.76,6585.94,1
661,58280.04,58280.04,-86629.29,1655.10,9.65,6595.79,1
662,58280.04,58280.04,-87053.26,1655.10,9.65,6605.64,1
663,58280.04,58280.04,-85480.90,1655.10,9.70,6615.56,1
664,58280.04,58280.04,-87742.85,1655.10,9.72,6625.49,1
665,58280.04,58280.04,-86502.52,1655.10,9.70,6635.38,1
666,58280.04,58280.04,-86747.00,1655.10,9.89,6645.47,1
667,58280.04,58280.04,-88960.39,1655.10,9.78,6655.42,1
668,58280.04,58280.04,-87768.24,1655.10,9.71,6665.33,1
669,58280.04,58280.04,-86834.53,1655.10,9.78,6675.32,1
670,58280.04,58280.04,-86004.45,1655.10,9.74,6685.27,1
671,58280.04,58280.04,-86083.85,1655.10,9.78,6695.27,1
672,58280.04,58280.04,-87021.93,1655.10,9.66,6705.12,1
673,58280.04,58280.04,-88797.34,1655.10,9.68,6715.01,1
674,58280.04,58280.04,-83805.42,1655.10,9.65,6724.87,1
675,58280.04,58280.04,-88909.21,1655.10,9.67,6734.75,1
676,58280.04,58280.04,-86237.18,1655.10,9.74,6744.71,1
677,58280.04,58280.04,-88865.74,1469.35,9.63,6754.54,1
678,58280.04,58280.04,-88385.52,1469.35,9.64,6764.40,1
679,58280.04,58280.04,-89083.51,1655.10,9.69,6774.31,1
680,58280.04,58280.04,-87771.06,1655.10,9.60,6784.09,1
681,58280.04,58280.04,-87685.19,1655.10,9.61,6793.91,1
682,58280.04,58280.04,-86040.18,1655.10,9.62,6803.74,1
683,58280.04,58280.04,-88128.37,1655.10,9.58,6813.52,1
684,58280.04,58280.04,-88251.59,1655.10,9.58,6823.32,1
685,58280.04,58280.04,-86538.56,1655.10,9.56,6833.10,1
686,58280.04,58280.04,-85037.27,1655.10,9.60,6842.91,1
687,58280.04,58280.04,-85736.43,1655.10,9.60,6852.71,1
688,58280.04,58280.04,-86408.19,1655.10,9.62,6862.55,1
689,58280.04,58280.04,-86749.85,1655.10,9.62,6872.39,1
690,58280.04,58280.04,-89034.22,1655.10,9.64,6882.25,1
691,58280.07,58280.04,-85589.10,1655.10,9.81,6892.27,1
692,58280.07,58280.04,-87985.63,1655.10,9.64,6902.09,1
693,58280.07,58280.04,-86558.12,1655.10,9.66,6911.95,1
694,58280.07,58280.04,-85975.02,1655.10,9.80,6921.95,1
695,58280.07,58280.04,-85279.66,1655.10,9.70,6931.83,1
696,58280.07,58280.04,-87284.52,1655.10,9.59,6941.63,1
697,58280.07,58280.04,-86217.36,1655.13,9.59,6951.44,1
698,58280.07,58280.04,-86682.76,1655.13,9.57,6961.23,1
699,58280.07,58280.04,-86035.66,1655.13,9.57,6971.01,1
700,58280.07,58280.04,-88565.47,1655.13,9.55,6980.77,1
701,58280.07,58280.04,-85925.52,1655.13,9.57,6990.55,1
702,58280.07,58280.04,-86280.74,1655.13,9.54,7000.29,1
703,58280.07,58280.04,-86832.95,1655.13,9.53,7010.03,1
704,58280.07,58280.04,-86077.90,1655.13,9.50,7019.74,1
705,58280.07,58280.07,-87650.98,1655.13,9.53,7029.48,1
706,58280.07,58280.07,-86710.85,1655.13,9.69,7039.38,1
707,58280.07,58280.07,-87074.21,1655.13,9.50,7049.06,1
708,58280.07,58280.07,-87188.81,1655.13,9.49,7058.75,1
709,58280.07,58280.07,-87791.95,1655.13,9.49,7068.44,1
710,58280.07,58280.07,-88343.33,1655.13,9.55,7078.21,1
711,58280.07,58280.07,-88149.82,1655.13,9.47,7087.88,1
712,58280.07,58280.07,-89128.20,1655.13,9.47,7097.56,1
713,58280.07,58280.07,-87814.84,1655.13,9.45,7107.22,1
714,58280.07,58280.07,-86938.04,1655.13,9.45,7116.88,1
715,58280.07,58280.07,-88896.93,1655.13,9.42,7126.50,1
716,58280.07,58280.07,-86411.21,1655.13,9.43,7136.14,1
717,58280.07,58280.07,-88153.06,1655.13,9.47,7145.84,1
718,58280.07,58280.07,-86014.06,1655.13,9.44,7155.49,1
719,58280.07,58280.07,-89080.66,1655.13,9.40,7165.10,1
720,58280.07,58280.07,-87961.24,1655.13,9.38,7174.68,1
721,58280.07,58280.07,-87242.80,1655.13,9.44,7184.33,1
722,58280.07,58280.07,-87687.70,1655.13,9.37,7193.89,1
723,58280.07,58280.07,-87851.62,1655.13,9.37,7203.47,1
724,58280.07,58280.07,-86677.55,1655.13,9.45,7213.13,1
725,58280.07,58280.07,-85589.33,1655.13,9.37,7222.71,1
726,58280.07,58280.07,-87643.69,1655.13,9.47,7232.39,1
727,58280.07,58280.07,-86774.91,1655.13,9.56,7242.17,1
728,58280.07,58280.07,-88410.82,1655.13,9.32,7251.68,1
729,58280.07,58280.07,-85098.65,1655.13,9.31,7261.20,1
730,58280.07,58280.07,-86176.87,1655.13,9.34,7270.75,1
731,58280.07,58280.07,-89153.29,1655.13,9.34,7280.29,1
732,58280.07,58280.07,-88560.64,1655.13,9.42,7289.93,1
733,58280.07,58280.07,-85749.09,1655.13,9.38,7299.49,1
734,58280.07,58280.07,-84764.13,1655.13,9.34,7309.02,1
735,58280.07,58280.07,-86243.44,1655.13,9.32,7318.54,1
736,58280.07,58280.07,-87953.79,1655.13,9.32,7328.06,1
737,58280.07,58280.07,-86781.27,1655.13,9.65,7337.93,1
738,58280.07,58280.07,-86200.73,1655.13,9.34,7347.46,1
739,58280.07,58280.07,-88131.77,1655.13,9.25,7356.92,1
740,58280.07,58280.07,-87983.05,1655.13,9.34,7366.46,1
741,58280.07,58280.07,-86844.30,1655.13,9.26,7375.90,1
742,58280.07,58280.07,-86962.52,1655.13,9.21,7385.31,1
743,58280.07,58280.07,-88275.46,1655.13,9.25,7394.76,1
744,58280.07,58280.07,-87347.53,1655.13,9.23,7404.20,1
745,58280.07,58280.07,-87441.63,1655.13,9.25,7413.66,1
746,58280.07,58280.07,-85367.32,1655.13,9.27,7423.14,1
747,58280.07,58280.07,-86739.05,1655.13,9.34,7432.69,1
748,58280.23,58280.07,-88471.85,1655.13,9.38,7442.27,1
749,58280.23,58280.07,-88109.63,1655.13,9.68,7452.14,1
750,58280.23,58280.07,-87759.65,1655.13,9.43,7461.79,1
751,58280.23,58280.07,-86168.54,1655.13,9.33,7471.31,1
752,58280.23,58280.07,-86723.20,1655.13,9.36,7480.88,1
753,58280.23,58280.07,-88978.38,1655.15,9.37,7490.46,1
754,58280.23,58280.07,-86644.66,1655.15,9.55,7500.22,1
755,58280.23,58280.07,-88163.27,1655.15,9.39,7509.80,1
756,58280.23,58280.07,-87513.22,1655.15,9.37,7519.37,1
757,58280.23,58280.07,-88544.31,1655.15,9.39,7528.99,1
758,58280.23,58280.07,-87867.45,1655.15,9.42,7538.60,1
759,58280.23,58280.07,-86122.52,1655.15,9.34,7548.11,1
760,58280.23,58280.23,-85938.31,1655.15,9.28,7557.58,1
761,58280.23,58280.23,-89500.78,1655.15,9.27,7567.06,1
762,58280.23,58280.23,-85401.41,1655.15,9.26,7576.52,1
763,58280.23,58280.23,-88295.23,1655.15,9.22,7585.95,1
764,58280.23,58280.23,-86867.38,1655.15,9.21,7595.37,1
765,58280.23,58280.23,-85917.12,1655.15,9.25,7604.82,1
766,58280.23,58280.23,-89400.23,1655.15,9.17,7614.18,1
767,58280.23,58280.23,-87548.40,1655.15,9.18,7623.57,1
768,58280.23,58280.23,-87837.93,1655.15,9.19,7632.97,1
769,58280.23,58280.23,-85262.41,1655.15,9.15,7642.32,1
770,58280.23,58280.23,-85490.70,1655.15,9.14,7651.66,1
771,58280.23,58280.23,-85725.12,1469.39,9.17,7661.05,1
772,58280.23,58280.23,-87723.61,1655.15,9.12,7670.36,1
773,58280.23,58280.23,-85893.98,1655.15,9.09,7679.66,1
774,58280.23,58280.23,-85828.24,1655.15,9.09,7688.95,1
775,58280.23,58280.23,-87304.19,1655.15,9.07,7698.23,1
776,58280.23,58280.23,-87697.45,1655.15,9.05,7707.48,1
777,58280.23,58280.23,-89050.62,1655.15,9.02,7716.71,1
778,58280.23,58280.23,-88014.43,1655.15,9.01,7725.93,1
779,58280.23,58280.23,-85182.20,1655.15,9.06,7735.19,1
780,58280.23,58280.23,-85100.48,1655.15,9.01,7744.39,1
781,58280.23,58280.23,-86610.88,1655.15,9.01,7753.60,1
782,58280.23,58280.23,-88617.93,1655.15,8.98,7762.79,1
783,58280.23,58280.23,-87791.27,1655.15,8.98,7771.97,1
784,58280.23,58280.23,-88845.02,1469.39,8.99,7781.16,1
785,58280.23,58280.23,-86717.85,1469.39,8.97,7790.33,1
786,58280.23,58280.23,-87117.01,1655.15,8.97,7799.50,1
787,58280.23,58280.23,-88745.61,1655.15,8.95,7808.65,1
788,58280.23,58280.23,-87010.30,1469.39,9.01,7817.87,1
789,58280.23,58280.23,-86238.22,1655.15,9.11,7827.17,1
790,58280.23,58280.23,-87170.48,1655.15,8.92,7836.28,1
791,58280.23,58280.23,-84623.63,1655.15,8.95,7845.43,1
792,58280.23,58280.23,-85952.42,1469.39,8.91,7854.55,1
793,58280.23,58280.23,-86846.94,1655.15,8.89,7863.64,1
794,58280.23,58280.23,-87037.95,1655.15,8.93,7872.77,1
795,58280.23,58280.23,-85320.51,1655.15,8.89,7881.87,1
796,58280.23,58280.23,-86142.97,1655.15,8.88,7890.95,1
797,58280.23,58280.23,-87662.54,1655.15,8.89,7900.04,1
798,58280.23,58280.23,-87206.03,1655.15,8.87,7909.11,1
799,58280.23,58280.23,-86902.91,1655.15,8.90,7918.22,1
800,58280.23,58280.23,-86783.32,1655.15,8.86,7927.27,1
801,58280.23,58280.23,-86520.43,1469.39,8.88,7936.35,1
802,58280.23,58280.23,-88501.10,1655.15,8.85,7945.39,1
803,58280.23,58280.23,-88374.88,1469.39,8.83,7954.43,1
804,58280.23,58280.23,-87592.88,1655.15,8.83,7963.46,1
805,58280.23,58280.23,-89498.76,1655.15,8.86,7972.52,1
806,58280.23,58280.23,-87119.04,1655.15,8.85,7981.57,1
807,58280.23,58280.23,-87317.91,1655.15,8.94,7990.72,1
808,58280.23,58280.23,-85768.50,1655.15,8.89,7999.79,1
809,58280.23,58280.23,-88556.88,1655.15,8.93,8008.93,1
810,58332.81,58280.23,-86154.37,1469.39,8.94,8018.05,1
811,58332.81,58280.23,-89046.89,1655.15,8.96,8027.20,1
812,58332.81,58280.23,-88155.55,1655.15,8.97,8036.37,1
813,58332.81,58280.23,-86664.34,1655.15,8.98,8045.55,1
814,58332.81,58280.23,-89209.09,1655.15,9.00,8054.75,1
815,58332.81,58280.23,-85347.98,1655.15,9.00,8063.95,1
816,58332.81,58280.23,-86543.77,1469.39,8.98,8073.13,1
817,58332.81,58280.23,-88859.02,1655.15,9.08,8082.41,1
818,58332.81,58280.23,-88228.57,1655.15,8.94,8091.53,1
819,58332.81,58280.23,-87476.23,1655.15,8.93,8100.66,1
820,58332.81,58280.23,-86226.55,1484.92,8.93,8109.79,1
821,58332.81,58280.23,-86942.85,1479.33,8.93,8118.92,1
822,58332.81,58280.23,-87457.40,1469.39,8.89,8128.02,1
823,58332.81,58280.23,-85824.94,1655.15,9.20,8137.42,1
824,58332.81,58332.81,-86867.12,1655.15,8.93,8146.56,1
825,58332.81,58332.81,-87541.74,1655.15,8.88,8155.63,1
826,58332.81,58332.81,-88025.02,1480.69,8.89,8164.72,1
827,58332.81,58332.81,-87499.32,1655.15,8.91,8173.83,1
828,58332.81,58332.81,-85237.70,1475.10,8.85,8182.89,1
829,58332.81,58332.81,-88060.81,1655.15,8.88,8191.97,1
830,58332.81,58332.81,-89027.99,1484.92,8.96,8201.13,1
831,58332.81,58332.81,-87056.16,1655.15,8.86,8210.17,1
832,58332.81,58332.81,-86582.85,1655.15,8.87,8219.24,1
833,58332.81,58332.81,-89278.14,1655.15,8.91,8228.35,1
834,58332.81,58332.81,-87450.68,1478.78,8.88,8237.44,1
835,58332.81,58332.81,-88122.41,1655.15,8.88,8246.52,1
836,58332.81,58332.81,-86978.50,1492.26,8.87,8255.59,1
837,58332.81,58332.81,-85454.98,1655.15,8.86,8264.65,1
838,58332.81,58332.81,-86624.27,1469.39,8.85,8273.71,1
839,58332.81,58332.81,-87139.67,1655.15,8.82,8282.73,1
840,58332.81,58332.81,-88343.25,1655.15,8.86,8291.80,1
841,58332.81,58332.81,-84054.20,1655.15,8.84,8300.84,1
842,58332.81,58332.81,-87774.44,1469.39,8.82,8309.87,1
843,58332.81,58332.81,-88625.70,1655.15,8.83,8318.90,1
844,58332.81,58332.81,-88135.03,1655.15,8.85,8327.96,1
845,58332.81,58332.81,-87270.64,1655.15,8.88,8337.04,1
846,58332.81,58332.81,-86573.48,1484.92,8.90,8346.14,1
847,58332.81,58332.81,-88697.13,1469.39,8.92,8355.27,1
848,58332.81,58332.81,-87341.04,1655.15,8.91,8364.39,1
849,58332.81,58332.81,-89702.99,1655.15,8.96,8373.55,1
850,58332.81,58332.81,-87469.46,1469.39,8.94,8382.70,1
851,58332.81,58332.81,-86719.87,1655.15,8.97,8391.87,1
852,58332.81,58332.81,-87231.97,1655.15,9.14,8401.22,1
853,58332.81,58332.81,-88975.54,1655.15,8.99,8410.40,1
854,58332.81,58332.81,-88396.39,1655.15,9.00,8419.61,1
855,58332.81,58332.81,-88129.70,1655.15,8.99,8428.80,1
856,58332.81,58332.81,-87581.47,1469.39,8.97,8437.98,1
857,58332.81,58332.81,-85607.93,1469.39,8.98,8447.17,1
858,58332.81,58332.81,-87515.80,1479.33,8.98,8456.35,1
859,58332.81,58332.81,-87083.24,1479.33,8.95,8465.51,1
860,58332.81,58332.81,-87531.88,1655.15,8.98,8474.70,1
861,58332.81,58332.81,-88740.34,1655.15,8.94,8483.84,1
862,58332.81,58332.81,-87681.38,1492.26,8.93,8492.97,1
863,58332.81,58332.81,-88888.14,1655.15,8.93,8502.10,1
864,58332.81,58332.81,-86350.20,1655.15,8.93,8511.23,1
865,58332.81,58332.81,-87473.84,1655.15,8.90,8520.34,1
866,58332.81,58332.81,-87593.83,1469.39,8.93,8529.46,1
867,58332.81,58332.81,-87409.44,1655.15,8.91,8538.57,1
868,58332.81,58332.81,-85508.41,1473.20,8.94,8547.71,1
869,58332.81,58332.81,-87874.84,1487.47,8.90,8556.81,1
870,58332.81,58332.81,-87244.20,1655.15,8.91,8565.93,1
871,58332.81,58332.81,-86758.48,1469.39,8.87,8574.99,1
872,58332.81,58332.81,-87294.66,1655.15,8.86,8584.05,1
873,58332.81,58332.81,-87915.31,1484.92,8.86,8593.11,1
874,58332.81,58332.81,-88401.58,1655.15,8.85,8602.16,1
875,58332.81,58332.81,-87602.24,1469.39,8.84,8611.20,1
876,58332.81,58332.81,-87191.01,1469.39,8.83,8620.23,1
877,58332.81,58332.81,-86702.03,1469.39,8.89,8629.32,1
878,58332.81,58332.81,-89320.02,1655.15,8.89,8638.42,1
879,58332.81,58332.81,-88773.12,1655.15,8.86,8647.46,1
880,58332.81,58332.81,-85309.16,1479.33,9.01,8656.67,1
881,58332.81,58332.81,-88459.77,1469.39,8.88,8665.73,1
882,58332.81,58332.81,-87133.91,1655.15,8.90,8674.84,1
883,58332.81,58332.81,-88683.32,1472.79,8.91,8683.95,1
884,58332.81,58332.81,-87772.30,1655.15,8.98,8693.14,1
885,58332.81,58332.81,-87331.64,1655.15,9.02,8702.34,1
886,58332.81,58332.81,-85841.88,1655.15,8.90,8711.42,1
887,58332.81,58332.81,-88577.57,1655.15,9.01,8720.63,1
888,58332.81,58332.81,-88155.55,1655.15,9.01,8729.85,1
889,58332.81,58332.81,-86181.28,1655.15,8.89,8738.94,1
890,58332.81,58332.81,-86718.26,1655.15,8.89,8748.02,1
891,58332.81,58332.81,-86325.58,1655.15,8.87,8757.09,1
892,58332.81,58332.81,-87399.73,1655.15,8.87,8766.17,1
893,58332.81,58332.81,-85207.96,1655.15,8.89,8775.26,1
894,58332.81,58332.81,-87089.55,1469.39,8.85,8784.31,1
895,58332.81,58332.81,-88137.95,1469.39,8.83,8793.34,1
896,58332.81,58332.81,-87550.57,1655.15,8.86,8802.40,1
897,58332.81,58332.81,-88475.14,1487.47,8.83,8811.42,1
898,58332.81,58332.81,-86887.21,1655.15,8.84,8820.46,1
899,58332.81,58332.81,-85732.74,1469.39,8.82,8829.48,1
900,58332.81,58332.81,-87419.41,1655.15,8.81,8838.49,1
901,58332.81,58332.81,-87697.53,1655.15,8.81,8847.50,1
902,58332.81,58332.81,-85040.30,1474.05,8.80,8856.50,1
903,58332.82,58332.81,-85799.39,1655.15,8.80,8865.50,1
904,58332.82,58332.81,-85796.46,1655.15,8.79,8874.49,1
905,58332.82,58332.81,-89076.47,1655.15,8.81,8883.50,1
906,58332.82,58332.81,-84835.96,1655.15,8.82,8892.52,1
907,58332.82,58332.81,-82972.91,1655.15,8.78,8901.50,1
908,58332.82,58332.81,-88993.83,1469.41,8.77,8910.48,1
909,58332.82,58332.81,-86833.27,1469.41,8.76,8919.44,1
910,58332.82,58332.81,-88259.13,1469.41,8.84,8928.48,1
911,58332.82,58332.81,-86197.16,1469.41,8.79,8937.45,1
912,58332.82,58332.81,-85930.84,1492.27,8.73,8946.37,1
913,58332.82,58332.81,-88907.35,1469.41,8.76,8955.32,1
914,58332.82,58332.82,-85216.65,1492.27,8.74,8964.26,1
915,58332.82,58332.82,-86856.39,1469.41,8.97,8973.43,1
916,58332.82,58332.82,-87977.59,1484.93,8.73,8982.35,1
917,58332.82,58332.82,-85862.25,1655.16,8.73,8991.25,1
918,58332.82,58332.82,-86103.66,1487.48,8.77,9000.22,1
919,58332.82,58332.82,-87141.60,1655.16,8.75,9009.17,1
920,58332.82,58332.82,-88411.16,1655.16,8.77,9018.14,1
921,58332.82,58332.82,-87259.55,1469.41,8.79,9027.12,1
922,58332.82,58332.82,-86620.75,1655.16,9.01,9036.32,1
923,58332.82,58332.82,-86902.27,1655.16,8.94,9045.47,1
924,58332.82,58332.82,-85197.28,1655.16,8.85,9054.51,1
925,58332.82,58332.82,-86904.43,1474.45,8.86,9063.57,1
926,58332.82,58332.82,-86216.16,1469.41,8.87,9072.64,1
927,58332.82,58332.82,-88236.25,1469.41,8.86,9081.70,1
928,58332.82,58332.82,-87320.95,1655.16,8.87,9090.78,1
929,58332.82,58332.82,-88740.14,1655.16,8.89,9099.88,1
930,58332.82,58332.82,-88850.84,1469.41,8.91,9108.99,1
931,58332.82,58332.82,-86743.24,1655.16,8.91,9118.09,1
932,58332.82,58332.82,-84942.00,1655.16,8.91,9127.20,1
933,58332.82,58332.82,-86468.47,1655.16,9.02,9136.42,1
934,58332.82,58332.82,-87141.10,1655.16,9.04,9145.66,1
935,58332.82,58332.82,-87420.87,1655.16,8.99,9154.86,1
936,58332.82,58332.82,-89212.79,1492.43,8.85,9163.89,1
937,58332.82,58332.82,-88168.44,1655.16,8.88,9172.98,1
938,58332.82,58332.82,-88384.80,1492.27,8.85,9182.03,1
939,58332.82,58332.82,-88718.48,1655.16,8.87,9191.09,1
940,58332.82,58332.82,-87561.16,1655.16,8.87,9200.16,1
941,58332.82,58332.82,-87983.76,1655.16,8.83,9209.20,1
942,58332.82,58332.82,-86840.76,1655.16,8.83,9218.23,1
943,58332.82,58332.82,-88025.66,1655.16,8.84,9227.27,1
944,58332.82,58332.82,-88081.18,1655.16,8.85,9236.32,1
945,58332.82,58332.82,-87229.23,1655.16,8.82,9245.33,1
946,58332.82,58332.82,-88534.99,1655.16,8.85,9254.39,1
947,58332.82,58332.82,-87068.94,1655.16,8.81,9263.40,1
948,58332.82,58332.82,-87936.60,1655.16,8.84,9272.44,1
949,58332.82,58332.82,-87066.13,1655.16,8.81,9281.44,1
950,58332.82,58332.82,-88146.56,1655.16,8.80,9290.43,1
951,58332.82,58332.82,-87683.21,1655.16,8.81,9299.44,1
952,58332.82,58332.82,-87682.88,1655.16,8.79,9308.43,1
953,58332.82,58332.82,-85271.97,1655.16,8.89,9317.53,1
954,58332.82,58332.82,-88195.98,1655.16,8.78,9326.50,1
955,58332.82,58332.82,-87640.13,1469.41,8.78,9335.48,1
956,58332.82,58332.82,-86510.23,1655.16,8.79,9344.47,1
957,58332.82,58332.82,-87440.22,1655.16,8.80,9353.47,1
958,58332.82,58332.82,-88509.91,1655.16,8.83,9362.50,1
959,58332.82,58332.82,-86083.57,1655.16,8.85,9371.56,1
960,58332.82,58332.82,-87393.17,1655.16,8.87,9380.62,1
961,58332.82,58332.82,-86433.87,1655.16,8.87,9389.70,1
962,58332.82,58332.82,-86946.70,1655.16,8.88,9398.78,1
963,58332.82,58332.82,-89060.20,1655.16,8.91,9407.89,1
964,58332.82,58332.82,-85544.34,1655.16,8.91,9417.01,1
965,58332.82,58332.82,-88138.40,1655.16,8.89,9426.10,1
966,58332.82,58332.82,-84788.73,1655.16,8.95,9435.25,1
967,58332.82,58332.82,-85749.71,1655.16,9.78,9445.25,1
968,58332.82,58332.82,-86969.33,1655.16,9.05,9454.49,1
969,58332.82,58332.82,-86674.20,1482.47,8.86,9463.55,1
970,58332.82,58332.82,-85520.77,1655.16,8.90,9472.65,1
971,58332.82,58332.82,-89666.55,1655.16,8.85,9481.70,1
972,58332.82,58332.82,-86764.76,1655.16,8.87,9490.77,1
973,58332.82,58332.82,-87549.12,1655.16,8.88,9499.85,1
974,58332.82,58332.82,-84598.92,1655.16,8.90,9508.95,1
975,58332.82,58332.82,-89364.67,1655.16,8.83,9517.96,1
976,58332.82,58332.82,-88157.91,1655.16,8.82,9526.98,1
977,58332.82,58332.82,-87230.09,1655.16,8.82,9536.00,1
978,58332.84,58332.82,-86165.82,1655.16,8.93,9545.14,1
979,58332.84,58332.82,-87796.81,1655.16,8.83,9554.15,1
980,58332.84,58332.82,-85977.00,1655.16,8.77,9563.10,1
981,58332.84,58332.82,-85991.11,1655.16,8.81,9572.11,1
982,58332.84,58332.82,-87282.62,1655.16,8.86,9581.17,1
983,58332.84,58332.82,-87834.27,1655.16,8.77,9590.12,1
984,58332.84,58332.82,-85982.41,1655.16,8.78,9599.10,1
985,58332.84,58332.82,-87550.20,1476.40,8.77,9608.07,1
986,58332.84,58332.82,-87759.81,1487.91,8.79,9617.06,1
987,58332.84,58332.82,-88704.30,1655.16,8.86,9626.12,1
988,58332.84,58332.82,-87845.20,1655.16,8.76,9635.08,1
989,58332.84,58332.84,-87198.34,1469.41,8.74,9644.02,1
990,58332.84,58332.84,-87660.01,1655.16,8.79,9653.00,1
991,58332.84,58332.84,-88746.66,1482.47,8.75,9661.94,1
992,58332.84,58332.84,-87079.47,1469.41,8.81,9670.95,1
993,58332.84,58332.84,-86964.95,1655.16,8.83,9679.98,1
994,58332.84,58332.84,-88681.70,1655.16,8.81,9688.98,1
995,58332.84,58332.84,-85946.84,1655.16,8.81,9697.98,1
996,58332.84,58332.84,-87274.28,1655.16,8.83,9707.01,1
997,58332.84,58332.84,-87310.84,1495.35,8.82,9716.03,1
998,58333.36,58332.84,-85930.29,1655.16,8.84,9725.07,1
999,58333.36,58332.84,-88742.66,1655.16,8.85,9734.12,1
